{
  "epoch:44": {
    "acc: ": 90.56,
    "f1: ": 0.876,
    "auc: ": 0.99
  },
  "epoch:49": {
    "acc: ": 90.05,
    "f1: ": 0.868,
    "auc: ": 0.989
  },
  "epoch:48": {
    "acc: ": 90.04,
    "f1: ": 0.868,
    "auc: ": 0.989
  },
  "epoch:43": {
    "acc: ": 89.99,
    "f1: ": 0.872,
    "auc: ": 0.989
  },
  "epoch:45": {
    "acc: ": 89.99,
    "f1: ": 0.871,
    "auc: ": 0.99
  },
  "epoch:46": {
    "acc: ": 89.93,
    "f1: ": 0.867,
    "auc: ": 0.989
  },
  "epoch:41": {
    "acc: ": 89.88,
    "f1: ": 0.862,
    "auc: ": 0.988
  },
  "epoch:38": {
    "acc: ": 89.7,
    "f1: ": 0.868,
    "auc: ": 0.989
  },
  "epoch:39": {
    "acc: ": 89.56,
    "f1: ": 0.867,
    "auc: ": 0.988
  },
  "epoch:47": {
    "acc: ": 89.5,
    "f1: ": 0.862,
    "auc: ": 0.989
  },
  "best10_mean": 89.92,
  "best10_f1_mean": 0.8681000000000001,
  "best10_auc_mean": 0.9890000000000001
}