{
  "epoch:46": {
    "acc: ": 91.11,
    "f1: ": 0.883,
    "auc: ": 0.992
  },
  "epoch:49": {
    "acc: ": 91.11,
    "f1: ": 0.883,
    "auc: ": 0.992
  },
  "epoch:44": {
    "acc: ": 91.09,
    "f1: ": 0.879,
    "auc: ": 0.992
  },
  "epoch:48": {
    "acc: ": 91.08,
    "f1: ": 0.883,
    "auc: ": 0.992
  },
  "epoch:47": {
    "acc: ": 90.89,
    "f1: ": 0.882,
    "auc: ": 0.992
  },
  "epoch:42": {
    "acc: ": 90.84,
    "f1: ": 0.883,
    "auc: ": 0.992
  },
  "epoch:43": {
    "acc: ": 90.7,
    "f1: ": 0.88,
    "auc: ": 0.99
  },
  "epoch:45": {
    "acc: ": 90.62,
    "f1: ": 0.876,
    "auc: ": 0.991
  },
  "epoch:41": {
    "acc: ": 90.53,
    "f1: ": 0.873,
    "auc: ": 0.991
  },
  "epoch:36": {
    "acc: ": 90.26,
    "f1: ": 0.867,
    "auc: ": 0.989
  },
  "best10_mean": 90.82300000000001,
  "best10_f1_mean": 0.8789000000000001,
  "best10_auc_mean": 0.9913000000000001
}