{
  "epoch:40": {
    "acc: ": 93.81,
    "f1: ": 0.914,
    "auc: ": 0.995
  },
  "epoch:43": {
    "acc: ": 93.23,
    "f1: ": 0.912,
    "auc: ": 0.994
  },
  "epoch:39": {
    "acc: ": 93.12,
    "f1: ": 0.916,
    "auc: ": 0.995
  },
  "epoch:45": {
    "acc: ": 93.04,
    "f1: ": 0.909,
    "auc: ": 0.995
  },
  "epoch:33": {
    "acc: ": 92.99,
    "f1: ": 0.91,
    "auc: ": 0.994
  },
  "epoch:41": {
    "acc: ": 92.96,
    "f1: ": 0.906,
    "auc: ": 0.996
  },
  "epoch:35": {
    "acc: ": 92.89,
    "f1: ": 0.906,
    "auc: ": 0.992
  },
  "epoch:46": {
    "acc: ": 92.8,
    "f1: ": 0.906,
    "auc: ": 0.994
  },
  "epoch:48": {
    "acc: ": 92.64,
    "f1: ": 0.903,
    "auc: ": 0.994
  },
  "epoch:49": {
    "acc: ": 92.56,
    "f1: ": 0.903,
    "auc: ": 0.994
  },
  "best10_mean": 93.00399999999999,
  "best10_f1_mean": 0.9084999999999999,
  "best10_auc_mean": 0.9943
}