{
  "epoch:32": {
    "acc: ": 93.72,
    "f1: ": 0.913,
    "auc: ": 0.995
  },
  "epoch:39": {
    "acc: ": 93.4,
    "f1: ": 0.911,
    "auc: ": 0.995
  },
  "epoch:34": {
    "acc: ": 92.67,
    "f1: ": 0.911,
    "auc: ": 0.995
  },
  "epoch:35": {
    "acc: ": 92.34,
    "f1: ": 0.889,
    "auc: ": 0.995
  },
  "epoch:38": {
    "acc: ": 92.04,
    "f1: ": 0.882,
    "auc: ": 0.995
  },
  "epoch:41": {
    "acc: ": 91.9,
    "f1: ": 0.887,
    "auc: ": 0.994
  },
  "epoch:40": {
    "acc: ": 91.84,
    "f1: ": 0.884,
    "auc: ": 0.995
  },
  "epoch:43": {
    "acc: ": 91.82,
    "f1: ": 0.887,
    "auc: ": 0.995
  },
  "epoch:33": {
    "acc: ": 91.69,
    "f1: ": 0.896,
    "auc: ": 0.994
  },
  "epoch:26": {
    "acc: ": 91.62,
    "f1: ": 0.884,
    "auc: ": 0.993
  },
  "best10_mean": 92.304,
  "best10_f1_mean": 0.8944000000000003,
  "best10_auc_mean": 0.9945999999999999
}