{
  "epoch:29": {
    "acc: ": 93.54,
    "f1: ": 0.913,
    "auc: ": 0.995
  },
  "epoch:33": {
    "acc: ": 92.44,
    "f1: ": 0.901,
    "auc: ": 0.989
  },
  "epoch:46": {
    "acc: ": 92.42,
    "f1: ": 0.9,
    "auc: ": 0.992
  },
  "epoch:47": {
    "acc: ": 92.25,
    "f1: ": 0.896,
    "auc: ": 0.992
  },
  "epoch:45": {
    "acc: ": 92.15,
    "f1: ": 0.894,
    "auc: ": 0.992
  },
  "epoch:48": {
    "acc: ": 92.1,
    "f1: ": 0.895,
    "auc: ": 0.991
  },
  "epoch:38": {
    "acc: ": 91.99,
    "f1: ": 0.894,
    "auc: ": 0.991
  },
  "epoch:44": {
    "acc: ": 91.99,
    "f1: ": 0.895,
    "auc: ": 0.991
  },
  "epoch:32": {
    "acc: ": 91.98,
    "f1: ": 0.89,
    "auc: ": 0.992
  },
  "epoch:42": {
    "acc: ": 91.98,
    "f1: ": 0.895,
    "auc: ": 0.992
  },
  "best10_mean": 92.28400000000002,
  "best10_f1_mean": 0.8972999999999999,
  "best10_auc_mean": 0.9916999999999998
}