{
  "epoch:48": {
    "acc: ": 93.98,
    "f1: ": 0.917,
    "auc: ": 0.995
  },
  "epoch:40": {
    "acc: ": 93.9,
    "f1: ": 0.917,
    "auc: ": 0.995
  },
  "epoch:49": {
    "acc: ": 93.83,
    "f1: ": 0.915,
    "auc: ": 0.995
  },
  "epoch:47": {
    "acc: ": 93.68,
    "f1: ": 0.914,
    "auc: ": 0.994
  },
  "epoch:41": {
    "acc: ": 93.6,
    "f1: ": 0.911,
    "auc: ": 0.995
  },
  "epoch:46": {
    "acc: ": 93.53,
    "f1: ": 0.912,
    "auc: ": 0.994
  },
  "epoch:42": {
    "acc: ": 93.49,
    "f1: ": 0.909,
    "auc: ": 0.994
  },
  "epoch:44": {
    "acc: ": 93.42,
    "f1: ": 0.912,
    "auc: ": 0.994
  },
  "epoch:33": {
    "acc: ": 93.18,
    "f1: ": 0.907,
    "auc: ": 0.995
  },
  "epoch:45": {
    "acc: ": 92.97,
    "f1: ": 0.906,
    "auc: ": 0.993
  },
  "best10_mean": 93.55799999999999,
  "best10_f1_mean": 0.9119999999999999,
  "best10_auc_mean": 0.9944
}