{
  "epoch:32": {
    "acc: ": 93.26,
    "f1: ": 0.904,
    "auc: ": 0.995
  },
  "epoch:36": {
    "acc: ": 92.96,
    "f1: ": 0.895,
    "auc: ": 0.994
  },
  "epoch:18": {
    "acc: ": 92.48,
    "f1: ": 0.895,
    "auc: ": 0.994
  },
  "epoch:34": {
    "acc: ": 92.47,
    "f1: ": 0.892,
    "auc: ": 0.993
  },
  "epoch:12": {
    "acc: ": 92.28,
    "f1: ": 0.893,
    "auc: ": 0.993
  },
  "epoch:5": {
    "acc: ": 91.87,
    "f1: ": 0.887,
    "auc: ": 0.994
  },
  "epoch:42": {
    "acc: ": 91.8,
    "f1: ": 0.88,
    "auc: ": 0.991
  },
  "epoch:24": {
    "acc: ": 91.69,
    "f1: ": 0.883,
    "auc: ": 0.994
  },
  "epoch:19": {
    "acc: ": 91.65,
    "f1: ": 0.881,
    "auc: ": 0.991
  },
  "epoch:35": {
    "acc: ": 91.54,
    "f1: ": 0.877,
    "auc: ": 0.987
  },
  "best10_mean": 92.19999999999999,
  "best10_f1_mean": 0.8887,
  "best10_auc_mean": 0.9925999999999998
}