{
  "epoch:47": {
    "acc: ": 73.68,
    "f1: ": 0.738,
    "auc: ": 0.926
  },
  "epoch:49": {
    "acc: ": 73.64,
    "f1: ": 0.737,
    "auc: ": 0.925
  },
  "epoch:46": {
    "acc: ": 73.61,
    "f1: ": 0.736,
    "auc: ": 0.923
  },
  "epoch:45": {
    "acc: ": 73.57,
    "f1: ": 0.737,
    "auc: ": 0.927
  },
  "epoch:48": {
    "acc: ": 73.46,
    "f1: ": 0.735,
    "auc: ": 0.925
  },
  "epoch:42": {
    "acc: ": 73.11,
    "f1: ": 0.73,
    "auc: ": 0.919
  },
  "epoch:44": {
    "acc: ": 72.29,
    "f1: ": 0.724,
    "auc: ": 0.917
  },
  "epoch:40": {
    "acc: ": 71.96,
    "f1: ": 0.718,
    "auc: ": 0.911
  },
  "epoch:39": {
    "acc: ": 71.93,
    "f1: ": 0.717,
    "auc: ": 0.92
  },
  "epoch:43": {
    "acc: ": 71.89,
    "f1: ": 0.719,
    "auc: ": 0.921
  },
  "best10_mean": 72.914,
  "best10_f1_mean": 0.7291000000000001,
  "best10_auc_mean": 0.9213999999999999
}