{
  "epoch:44": {
    "acc: ": 86.12,
    "f1: ": 0.826,
    "auc: ": 0.986
  },
  "epoch:42": {
    "acc: ": 86.07,
    "f1: ": 0.821,
    "auc: ": 0.986
  },
  "epoch:37": {
    "acc: ": 85.9,
    "f1: ": 0.821,
    "auc: ": 0.985
  },
  "epoch:46": {
    "acc: ": 85.85,
    "f1: ": 0.827,
    "auc: ": 0.986
  },
  "epoch:47": {
    "acc: ": 85.74,
    "f1: ": 0.827,
    "auc: ": 0.986
  },
  "epoch:48": {
    "acc: ": 85.63,
    "f1: ": 0.824,
    "auc: ": 0.986
  },
  "epoch:49": {
    "acc: ": 85.6,
    "f1: ": 0.824,
    "auc: ": 0.986
  },
  "epoch:38": {
    "acc: ": 85.55,
    "f1: ": 0.816,
    "auc: ": 0.985
  },
  "epoch:43": {
    "acc: ": 85.52,
    "f1: ": 0.821,
    "auc: ": 0.986
  },
  "epoch:36": {
    "acc: ": 85.39,
    "f1: ": 0.814,
    "auc: ": 0.985
  },
  "best10_mean": 85.737,
  "best10_f1_mean": 0.8220999999999998,
  "best10_auc_mean": 0.9856999999999999
}