{
  "epoch:33": {
    "acc: ": 63.15,
    "f1: ": 0.557,
    "auc: ": 0.902
  },
  "epoch:44": {
    "acc: ": 61.76,
    "f1: ": 0.554,
    "auc: ": 0.897
  },
  "epoch:20": {
    "acc: ": 61.52,
    "f1: ": 0.516,
    "auc: ": 0.883
  },
  "epoch:39": {
    "acc: ": 61.23,
    "f1: ": 0.526,
    "auc: ": 0.895
  },
  "epoch:24": {
    "acc: ": 60.84,
    "f1: ": 0.506,
    "auc: ": 0.907
  },
  "epoch:27": {
    "acc: ": 60.84,
    "f1: ": 0.547,
    "auc: ": 0.913
  },
  "epoch:3": {
    "acc: ": 60.43,
    "f1: ": 0.522,
    "auc: ": 0.893
  },
  "epoch:14": {
    "acc: ": 60.38,
    "f1: ": 0.512,
    "auc: ": 0.878
  },
  "epoch:2": {
    "acc: ": 59.78,
    "f1: ": 0.499,
    "auc: ": 0.87
  },
  "epoch:29": {
    "acc: ": 59.34,
    "f1: ": 0.477,
    "auc: ": 0.889
  },
  "best10_mean": 60.92700000000001,
  "best10_f1_mean": 0.5216000000000001,
  "best10_auc_mean": 0.8926999999999999
}