{
  "epoch:25": {
    "acc: ": 91.17,
    "f1: ": 0.882,
    "auc: ": 0.991
  },
  "epoch:39": {
    "acc: ": 91.08,
    "f1: ": 0.876,
    "auc: ": 0.992
  },
  "epoch:18": {
    "acc: ": 90.54,
    "f1: ": 0.868,
    "auc: ": 0.992
  },
  "epoch:37": {
    "acc: ": 90.27,
    "f1: ": 0.872,
    "auc: ": 0.989
  },
  "epoch:44": {
    "acc: ": 90.26,
    "f1: ": 0.867,
    "auc: ": 0.992
  },
  "epoch:48": {
    "acc: ": 90.15,
    "f1: ": 0.865,
    "auc: ": 0.991
  },
  "epoch:33": {
    "acc: ": 90.02,
    "f1: ": 0.878,
    "auc: ": 0.988
  },
  "epoch:46": {
    "acc: ": 89.94,
    "f1: ": 0.86,
    "auc: ": 0.991
  },
  "epoch:49": {
    "acc: ": 89.93,
    "f1: ": 0.861,
    "auc: ": 0.991
  },
  "epoch:45": {
    "acc: ": 89.55,
    "f1: ": 0.857,
    "auc: ": 0.991
  },
  "best10_mean": 90.29100000000001,
  "best10_f1_mean": 0.8686,
  "best10_auc_mean": 0.9907999999999998
}