{
  "epoch:44": {
    "acc: ": 78.07,
    "f1: ": 0.781,
    "auc: ": 0.944
  },
  "epoch:43": {
    "acc: ": 77.71,
    "f1: ": 0.776,
    "auc: ": 0.945
  },
  "epoch:45": {
    "acc: ": 77.39,
    "f1: ": 0.773,
    "auc: ": 0.941
  },
  "epoch:49": {
    "acc: ": 77.32,
    "f1: ": 0.773,
    "auc: ": 0.942
  },
  "epoch:48": {
    "acc: ": 77.14,
    "f1: ": 0.771,
    "auc: ": 0.941
  },
  "epoch:42": {
    "acc: ": 77.11,
    "f1: ": 0.772,
    "auc: ": 0.94
  },
  "epoch:41": {
    "acc: ": 76.96,
    "f1: ": 0.77,
    "auc: ": 0.941
  },
  "epoch:47": {
    "acc: ": 76.93,
    "f1: ": 0.769,
    "auc: ": 0.94
  },
  "epoch:46": {
    "acc: ": 76.86,
    "f1: ": 0.769,
    "auc: ": 0.94
  },
  "epoch:40": {
    "acc: ": 74.75,
    "f1: ": 0.746,
    "auc: ": 0.928
  },
  "best10_mean": 77.02399999999999,
  "best10_f1_mean": 0.7700000000000001,
  "best10_auc_mean": 0.9401999999999999
}