{
  "epoch:40": {
    "acc: ": 71.21,
    "f1: ": 0.711,
    "auc: ": 0.907
  },
  "epoch:46": {
    "acc: ": 69.75,
    "f1: ": 0.696,
    "auc: ": 0.897
  },
  "epoch:34": {
    "acc: ": 69.64,
    "f1: ": 0.696,
    "auc: ": 0.908
  },
  "epoch:45": {
    "acc: ": 69.46,
    "f1: ": 0.693,
    "auc: ": 0.895
  },
  "epoch:47": {
    "acc: ": 69.46,
    "f1: ": 0.693,
    "auc: ": 0.897
  },
  "epoch:48": {
    "acc: ": 69.39,
    "f1: ": 0.692,
    "auc: ": 0.896
  },
  "epoch:49": {
    "acc: ": 69.25,
    "f1: ": 0.69,
    "auc: ": 0.896
  },
  "epoch:44": {
    "acc: ": 69.21,
    "f1: ": 0.691,
    "auc: ": 0.895
  },
  "epoch:42": {
    "acc: ": 69.04,
    "f1: ": 0.688,
    "auc: ": 0.894
  },
  "epoch:41": {
    "acc: ": 68.82,
    "f1: ": 0.687,
    "auc: ": 0.898
  },
  "best10_mean": 69.52299999999998,
  "best10_f1_mean": 0.6937,
  "best10_auc_mean": 0.8983000000000001
}