{
  "epoch:42": {
    "acc: ": 91.98,
    "f1: ": 0.885,
    "auc: ": 0.989
  },
  "epoch:47": {
    "acc: ": 91.76,
    "f1: ": 0.883,
    "auc: ": 0.991
  },
  "epoch:45": {
    "acc: ": 91.6,
    "f1: ": 0.883,
    "auc: ": 0.991
  },
  "epoch:46": {
    "acc: ": 91.55,
    "f1: ": 0.88,
    "auc: ": 0.991
  },
  "epoch:49": {
    "acc: ": 91.54,
    "f1: ": 0.88,
    "auc: ": 0.991
  },
  "epoch:25": {
    "acc: ": 91.44,
    "f1: ": 0.881,
    "auc: ": 0.992
  },
  "epoch:41": {
    "acc: ": 91.28,
    "f1: ": 0.879,
    "auc: ": 0.99
  },
  "epoch:36": {
    "acc: ": 91.24,
    "f1: ": 0.874,
    "auc: ": 0.992
  },
  "epoch:39": {
    "acc: ": 91.03,
    "f1: ": 0.875,
    "auc: ": 0.989
  },
  "epoch:34": {
    "acc: ": 91.0,
    "f1: ": 0.879,
    "auc: ": 0.993
  },
  "best10_mean": 91.44200000000001,
  "best10_f1_mean": 0.8798999999999999,
  "best10_auc_mean": 0.9909000000000001
}