{
  "epoch:33": {
    "acc: ": 93.29,
    "f1: ": 0.91,
    "auc: ": 0.995
  },
  "epoch:40": {
    "acc: ": 93.26,
    "f1: ": 0.913,
    "auc: ": 0.996
  },
  "epoch:36": {
    "acc: ": 92.77,
    "f1: ": 0.906,
    "auc: ": 0.995
  },
  "epoch:17": {
    "acc: ": 92.36,
    "f1: ": 0.902,
    "auc: ": 0.994
  },
  "epoch:27": {
    "acc: ": 92.25,
    "f1: ": 0.896,
    "auc: ": 0.995
  },
  "epoch:35": {
    "acc: ": 92.25,
    "f1: ": 0.902,
    "auc: ": 0.995
  },
  "epoch:46": {
    "acc: ": 92.15,
    "f1: ": 0.899,
    "auc: ": 0.995
  },
  "epoch:43": {
    "acc: ": 92.14,
    "f1: ": 0.902,
    "auc: ": 0.995
  },
  "epoch:45": {
    "acc: ": 92.12,
    "f1: ": 0.899,
    "auc: ": 0.995
  },
  "epoch:41": {
    "acc: ": 92.07,
    "f1: ": 0.9,
    "auc: ": 0.995
  },
  "best10_mean": 92.46600000000001,
  "best10_f1_mean": 0.9029000000000001,
  "best10_auc_mean": 0.9949999999999999
}