{
  "epoch:38": {
    "acc: ": 87.49,
    "f1: ": 0.831,
    "auc: ": 0.987
  },
  "epoch:39": {
    "acc: ": 87.16,
    "f1: ": 0.83,
    "auc: ": 0.986
  },
  "epoch:40": {
    "acc: ": 87.13,
    "f1: ": 0.83,
    "auc: ": 0.987
  },
  "epoch:49": {
    "acc: ": 87.0,
    "f1: ": 0.83,
    "auc: ": 0.986
  },
  "epoch:44": {
    "acc: ": 86.97,
    "f1: ": 0.83,
    "auc: ": 0.986
  },
  "epoch:45": {
    "acc: ": 86.86,
    "f1: ": 0.829,
    "auc: ": 0.986
  },
  "epoch:42": {
    "acc: ": 86.72,
    "f1: ": 0.826,
    "auc: ": 0.986
  },
  "epoch:47": {
    "acc: ": 86.63,
    "f1: ": 0.827,
    "auc: ": 0.986
  },
  "epoch:48": {
    "acc: ": 86.53,
    "f1: ": 0.824,
    "auc: ": 0.986
  },
  "epoch:46": {
    "acc: ": 86.48,
    "f1: ": 0.825,
    "auc: ": 0.985
  },
  "best10_mean": 86.897,
  "best10_f1_mean": 0.8281999999999998,
  "best10_auc_mean": 0.9860999999999999
}