{
  "epoch:42": {
    "acc: ": 91.25,
    "f1: ": 0.889,
    "auc: ": 0.992
  },
  "epoch:33": {
    "acc: ": 91.24,
    "f1: ": 0.891,
    "auc: ": 0.993
  },
  "epoch:38": {
    "acc: ": 90.87,
    "f1: ": 0.881,
    "auc: ": 0.992
  },
  "epoch:43": {
    "acc: ": 90.79,
    "f1: ": 0.882,
    "auc: ": 0.992
  },
  "epoch:24": {
    "acc: ": 90.57,
    "f1: ": 0.87,
    "auc: ": 0.992
  },
  "epoch:28": {
    "acc: ": 90.49,
    "f1: ": 0.877,
    "auc: ": 0.992
  },
  "epoch:41": {
    "acc: ": 90.49,
    "f1: ": 0.878,
    "auc: ": 0.991
  },
  "epoch:48": {
    "acc: ": 90.49,
    "f1: ": 0.877,
    "auc: ": 0.991
  },
  "epoch:49": {
    "acc: ": 90.49,
    "f1: ": 0.878,
    "auc: ": 0.991
  },
  "epoch:44": {
    "acc: ": 90.42,
    "f1: ": 0.877,
    "auc: ": 0.991
  },
  "best10_mean": 90.71000000000001,
  "best10_f1_mean": 0.8800000000000001,
  "best10_auc_mean": 0.9917
}