{
  "epoch:46": {
    "acc: ": 93.78,
    "f1: ": 0.913,
    "auc: ": 0.992
  },
  "epoch:34": {
    "acc: ": 93.68,
    "f1: ": 0.91,
    "auc: ": 0.994
  },
  "epoch:40": {
    "acc: ": 93.57,
    "f1: ": 0.911,
    "auc: ": 0.991
  },
  "epoch:47": {
    "acc: ": 93.51,
    "f1: ": 0.91,
    "auc: ": 0.992
  },
  "epoch:41": {
    "acc: ": 93.46,
    "f1: ": 0.91,
    "auc: ": 0.992
  },
  "epoch:48": {
    "acc: ": 93.46,
    "f1: ": 0.91,
    "auc: ": 0.991
  },
  "epoch:49": {
    "acc: ": 93.37,
    "f1: ": 0.907,
    "auc: ": 0.992
  },
  "epoch:37": {
    "acc: ": 93.35,
    "f1: ": 0.907,
    "auc: ": 0.994
  },
  "epoch:45": {
    "acc: ": 93.35,
    "f1: ": 0.909,
    "auc: ": 0.992
  },
  "epoch:42": {
    "acc: ": 93.3,
    "f1: ": 0.91,
    "auc: ": 0.991
  },
  "best10_mean": 93.48299999999999,
  "best10_f1_mean": 0.9097000000000002,
  "best10_auc_mean": 0.9921
}