{
  "epoch:34": {
    "acc: ": 92.45,
    "f1: ": 0.895,
    "auc: ": 0.993
  },
  "epoch:43": {
    "acc: ": 91.02,
    "f1: ": 0.883,
    "auc: ": 0.991
  },
  "epoch:49": {
    "acc: ": 90.92,
    "f1: ": 0.882,
    "auc: ": 0.992
  },
  "epoch:45": {
    "acc: ": 90.76,
    "f1: ": 0.879,
    "auc: ": 0.992
  },
  "epoch:48": {
    "acc: ": 90.68,
    "f1: ": 0.879,
    "auc: ": 0.992
  },
  "epoch:46": {
    "acc: ": 90.67,
    "f1: ": 0.876,
    "auc: ": 0.992
  },
  "epoch:35": {
    "acc: ": 90.59,
    "f1: ": 0.87,
    "auc: ": 0.992
  },
  "epoch:41": {
    "acc: ": 90.56,
    "f1: ": 0.876,
    "auc: ": 0.991
  },
  "epoch:47": {
    "acc: ": 90.48,
    "f1: ": 0.875,
    "auc: ": 0.992
  },
  "epoch:38": {
    "acc: ": 90.16,
    "f1: ": 0.878,
    "auc: ": 0.99
  },
  "best10_mean": 90.82900000000001,
  "best10_f1_mean": 0.8793000000000001,
  "best10_auc_mean": 0.9917
}