{
  "epoch:34": {
    "acc: ": 91.43,
    "f1: ": 0.887,
    "auc: ": 0.993
  },
  "epoch:42": {
    "acc: ": 91.16,
    "f1: ": 0.882,
    "auc: ": 0.992
  },
  "epoch:45": {
    "acc: ": 91.11,
    "f1: ": 0.885,
    "auc: ": 0.993
  },
  "epoch:46": {
    "acc: ": 90.97,
    "f1: ": 0.884,
    "auc: ": 0.992
  },
  "epoch:47": {
    "acc: ": 90.72,
    "f1: ": 0.879,
    "auc: ": 0.991
  },
  "epoch:36": {
    "acc: ": 90.6,
    "f1: ": 0.881,
    "auc: ": 0.993
  },
  "epoch:31": {
    "acc: ": 90.59,
    "f1: ": 0.875,
    "auc: ": 0.991
  },
  "epoch:48": {
    "acc: ": 90.53,
    "f1: ": 0.877,
    "auc: ": 0.991
  },
  "epoch:49": {
    "acc: ": 90.34,
    "f1: ": 0.875,
    "auc: ": 0.991
  },
  "epoch:43": {
    "acc: ": 90.13,
    "f1: ": 0.873,
    "auc: ": 0.991
  },
  "best10_mean": 90.75800000000001,
  "best10_f1_mean": 0.8798,
  "best10_auc_mean": 0.9917999999999999
}