{
  "epoch:34": {
    "acc: ": 92.93,
    "f1: ": 0.911,
    "auc: ": 0.996
  },
  "epoch:38": {
    "acc: ": 92.52,
    "f1: ": 0.9,
    "auc: ": 0.995
  },
  "epoch:33": {
    "acc: ": 92.42,
    "f1: ": 0.897,
    "auc: ": 0.995
  },
  "epoch:28": {
    "acc: ": 92.4,
    "f1: ": 0.899,
    "auc: ": 0.994
  },
  "epoch:23": {
    "acc: ": 92.31,
    "f1: ": 0.902,
    "auc: ": 0.994
  },
  "epoch:22": {
    "acc: ": 92.09,
    "f1: ": 0.889,
    "auc: ": 0.993
  },
  "epoch:42": {
    "acc: ": 92.03,
    "f1: ": 0.901,
    "auc: ": 0.995
  },
  "epoch:45": {
    "acc: ": 91.99,
    "f1: ": 0.901,
    "auc: ": 0.995
  },
  "epoch:47": {
    "acc: ": 91.98,
    "f1: ": 0.902,
    "auc: ": 0.995
  },
  "epoch:41": {
    "acc: ": 91.96,
    "f1: ": 0.903,
    "auc: ": 0.994
  },
  "best10_mean": 92.263,
  "best10_f1_mean": 0.9005000000000001,
  "best10_auc_mean": 0.9945999999999999
}