{
  "epoch:38": {
    "acc: ": 92.75,
    "f1: ": 0.907,
    "auc: ": 0.992
  },
  "epoch:37": {
    "acc: ": 92.7,
    "f1: ": 0.9,
    "auc: ": 0.992
  },
  "epoch:32": {
    "acc: ": 92.17,
    "f1: ": 0.896,
    "auc: ": 0.993
  },
  "epoch:31": {
    "acc: ": 92.09,
    "f1: ": 0.897,
    "auc: ": 0.991
  },
  "epoch:41": {
    "acc: ": 92.04,
    "f1: ": 0.899,
    "auc: ": 0.99
  },
  "epoch:27": {
    "acc: ": 91.9,
    "f1: ": 0.892,
    "auc: ": 0.993
  },
  "epoch:44": {
    "acc: ": 91.71,
    "f1: ": 0.895,
    "auc: ": 0.991
  },
  "epoch:26": {
    "acc: ": 91.69,
    "f1: ": 0.891,
    "auc: ": 0.992
  },
  "epoch:47": {
    "acc: ": 91.65,
    "f1: ": 0.892,
    "auc: ": 0.989
  },
  "epoch:43": {
    "acc: ": 91.63,
    "f1: ": 0.89,
    "auc: ": 0.991
  },
  "best10_mean": 92.03300000000002,
  "best10_f1_mean": 0.8958999999999999,
  "best10_auc_mean": 0.9914
}