{
  "epoch:39": {
    "acc: ": 92.53,
    "f1: ": 0.898,
    "auc: ": 0.993
  },
  "epoch:43": {
    "acc: ": 92.26,
    "f1: ": 0.892,
    "auc: ": 0.994
  },
  "epoch:40": {
    "acc: ": 92.17,
    "f1: ": 0.89,
    "auc: ": 0.993
  },
  "epoch:47": {
    "acc: ": 92.15,
    "f1: ": 0.893,
    "auc: ": 0.994
  },
  "epoch:49": {
    "acc: ": 92.1,
    "f1: ": 0.891,
    "auc: ": 0.993
  },
  "epoch:45": {
    "acc: ": 92.09,
    "f1: ": 0.892,
    "auc: ": 0.993
  },
  "epoch:34": {
    "acc: ": 92.07,
    "f1: ": 0.889,
    "auc: ": 0.993
  },
  "epoch:44": {
    "acc: ": 91.99,
    "f1: ": 0.89,
    "auc: ": 0.993
  },
  "epoch:41": {
    "acc: ": 91.92,
    "f1: ": 0.893,
    "auc: ": 0.993
  },
  "epoch:48": {
    "acc: ": 91.87,
    "f1: ": 0.889,
    "auc: ": 0.993
  },
  "best10_mean": 92.11500000000001,
  "best10_f1_mean": 0.8916999999999999,
  "best10_auc_mean": 0.9932000000000002
}