{
  "epoch:49": {
    "acc: ": 88.73,
    "f1: ": 0.862,
    "auc: ": 0.986
  },
  "epoch:48": {
    "acc: ": 88.47,
    "f1: ": 0.859,
    "auc: ": 0.986
  },
  "epoch:46": {
    "acc: ": 88.33,
    "f1: ": 0.856,
    "auc: ": 0.987
  },
  "epoch:44": {
    "acc: ": 88.28,
    "f1: ": 0.857,
    "auc: ": 0.985
  },
  "epoch:47": {
    "acc: ": 88.27,
    "f1: ": 0.855,
    "auc: ": 0.987
  },
  "epoch:45": {
    "acc: ": 87.67,
    "f1: ": 0.851,
    "auc: ": 0.986
  },
  "epoch:38": {
    "acc: ": 87.46,
    "f1: ": 0.837,
    "auc: ": 0.979
  },
  "epoch:41": {
    "acc: ": 87.38,
    "f1: ": 0.842,
    "auc: ": 0.984
  },
  "epoch:22": {
    "acc: ": 87.26,
    "f1: ": 0.84,
    "auc: ": 0.983
  },
  "epoch:43": {
    "acc: ": 87.1,
    "f1: ": 0.84,
    "auc: ": 0.985
  },
  "best10_mean": 87.895,
  "best10_f1_mean": 0.8498999999999999,
  "best10_auc_mean": 0.9847999999999999
}