{
  "epoch:27": {
    "acc: ": 90.79,
    "f1: ": 0.876,
    "auc: ": 0.992
  },
  "epoch:44": {
    "acc: ": 89.91,
    "f1: ": 0.865,
    "auc: ": 0.988
  },
  "epoch:49": {
    "acc: ": 89.86,
    "f1: ": 0.863,
    "auc: ": 0.988
  },
  "epoch:48": {
    "acc: ": 89.78,
    "f1: ": 0.862,
    "auc: ": 0.988
  },
  "epoch:43": {
    "acc: ": 89.59,
    "f1: ": 0.86,
    "auc: ": 0.987
  },
  "epoch:45": {
    "acc: ": 89.53,
    "f1: ": 0.86,
    "auc: ": 0.988
  },
  "epoch:46": {
    "acc: ": 89.26,
    "f1: ": 0.854,
    "auc: ": 0.987
  },
  "epoch:47": {
    "acc: ": 89.26,
    "f1: ": 0.856,
    "auc: ": 0.988
  },
  "epoch:34": {
    "acc: ": 88.88,
    "f1: ": 0.849,
    "auc: ": 0.986
  },
  "epoch:39": {
    "acc: ": 88.68,
    "f1: ": 0.848,
    "auc: ": 0.984
  },
  "best10_mean": 89.554,
  "best10_f1_mean": 0.8593000000000002,
  "best10_auc_mean": 0.9875999999999999
}