{
  "epoch:47": {
    "acc: ": 91.92,
    "f1: ": 0.89,
    "auc: ": 0.991
  },
  "epoch:46": {
    "acc: ": 91.9,
    "f1: ": 0.891,
    "auc: ": 0.991
  },
  "epoch:48": {
    "acc: ": 91.88,
    "f1: ": 0.891,
    "auc: ": 0.991
  },
  "epoch:49": {
    "acc: ": 91.79,
    "f1: ": 0.89,
    "auc: ": 0.992
  },
  "epoch:35": {
    "acc: ": 91.73,
    "f1: ": 0.888,
    "auc: ": 0.992
  },
  "epoch:40": {
    "acc: ": 91.54,
    "f1: ": 0.885,
    "auc: ": 0.992
  },
  "epoch:44": {
    "acc: ": 91.46,
    "f1: ": 0.888,
    "auc: ": 0.991
  },
  "epoch:42": {
    "acc: ": 91.28,
    "f1: ": 0.885,
    "auc: ": 0.991
  },
  "epoch:45": {
    "acc: ": 91.2,
    "f1: ": 0.883,
    "auc: ": 0.991
  },
  "epoch:39": {
    "acc: ": 91.19,
    "f1: ": 0.88,
    "auc: ": 0.993
  },
  "best10_mean": 91.58900000000001,
  "best10_f1_mean": 0.8871,
  "best10_auc_mean": 0.9914999999999999
}