{
  "epoch:36": {
    "acc: ": 92.89,
    "f1: ": 0.903,
    "auc: ": 0.992
  },
  "epoch:46": {
    "acc: ": 92.83,
    "f1: ": 0.902,
    "auc: ": 0.993
  },
  "epoch:39": {
    "acc: ": 92.78,
    "f1: ": 0.901,
    "auc: ": 0.992
  },
  "epoch:38": {
    "acc: ": 92.58,
    "f1: ": 0.899,
    "auc: ": 0.993
  },
  "epoch:45": {
    "acc: ": 92.45,
    "f1: ": 0.896,
    "auc: ": 0.993
  },
  "epoch:49": {
    "acc: ": 92.45,
    "f1: ": 0.896,
    "auc: ": 0.993
  },
  "epoch:41": {
    "acc: ": 92.42,
    "f1: ": 0.895,
    "auc: ": 0.991
  },
  "epoch:47": {
    "acc: ": 92.42,
    "f1: ": 0.896,
    "auc: ": 0.992
  },
  "epoch:42": {
    "acc: ": 92.4,
    "f1: ": 0.892,
    "auc: ": 0.992
  },
  "epoch:48": {
    "acc: ": 92.29,
    "f1: ": 0.895,
    "auc: ": 0.992
  },
  "best10_mean": 92.55099999999999,
  "best10_f1_mean": 0.8975,
  "best10_auc_mean": 0.9923000000000002
}