{
  "epoch:34": {
    "acc: ": 91.76,
    "f1: ": 0.891,
    "auc: ": 0.993
  },
  "epoch:37": {
    "acc: ": 91.38,
    "f1: ": 0.892,
    "auc: ": 0.994
  },
  "epoch:39": {
    "acc: ": 91.33,
    "f1: ": 0.893,
    "auc: ": 0.995
  },
  "epoch:42": {
    "acc: ": 91.16,
    "f1: ": 0.898,
    "auc: ": 0.994
  },
  "epoch:47": {
    "acc: ": 90.95,
    "f1: ": 0.891,
    "auc: ": 0.993
  },
  "epoch:43": {
    "acc: ": 90.92,
    "f1: ": 0.892,
    "auc: ": 0.994
  },
  "epoch:32": {
    "acc: ": 90.87,
    "f1: ": 0.892,
    "auc: ": 0.994
  },
  "epoch:45": {
    "acc: ": 90.87,
    "f1: ": 0.889,
    "auc: ": 0.994
  },
  "epoch:49": {
    "acc: ": 90.87,
    "f1: ": 0.89,
    "auc: ": 0.994
  },
  "epoch:46": {
    "acc: ": 90.81,
    "f1: ": 0.889,
    "auc: ": 0.994
  },
  "best10_mean": 91.09200000000001,
  "best10_f1_mean": 0.8916999999999999,
  "best10_auc_mean": 0.9939
}