{
  "epoch:4": {
    "acc: ": 70.87,
    "f1: ": 0.673,
    "auc: ": 0.94
  },
  "epoch:5": {
    "acc: ": 70.09,
    "f1: ": 0.659,
    "auc: ": 0.943
  },
  "epoch:3": {
    "acc: ": 68.66,
    "f1: ": 0.614,
    "auc: ": 0.932
  },
  "epoch:8": {
    "acc: ": 64.99,
    "f1: ": 0.563,
    "auc: ": 0.914
  },
  "epoch:6": {
    "acc: ": 64.28,
    "f1: ": 0.6,
    "auc: ": 0.919
  },
  "epoch:7": {
    "acc: ": 62.4,
    "f1: ": 0.559,
    "auc: ": 0.907
  },
  "epoch:2": {
    "acc: ": 58.39,
    "f1: ": 0.544,
    "auc: ": 0.911
  },
  "epoch:9": {
    "acc: ": 54.11,
    "f1: ": 0.45,
    "auc: ": 0.879
  },
  "epoch:10": {
    "acc: ": 49.9,
    "f1: ": 0.361,
    "auc: ": 0.838
  },
  "epoch:12": {
    "acc: ": 45.82,
    "f1: ": 0.355,
    "auc: ": 0.79
  },
  "best10_mean": 60.951,
  "best10_f1_mean": 0.5378000000000001,
  "best10_auc_mean": 0.8972999999999999
}