{
  "epoch:47": {
    "acc: ": 94.2,
    "f1: ": 0.921,
    "auc: ": 0.996
  },
  "epoch:44": {
    "acc: ": 94.13,
    "f1: ": 0.92,
    "auc: ": 0.995
  },
  "epoch:45": {
    "acc: ": 94.13,
    "f1: ": 0.919,
    "auc: ": 0.995
  },
  "epoch:46": {
    "acc: ": 94.13,
    "f1: ": 0.919,
    "auc: ": 0.995
  },
  "epoch:39": {
    "acc: ": 94.09,
    "f1: ": 0.922,
    "auc: ": 0.995
  },
  "epoch:48": {
    "acc: ": 94.06,
    "f1: ": 0.918,
    "auc: ": 0.996
  },
  "epoch:49": {
    "acc: ": 93.97,
    "f1: ": 0.916,
    "auc: ": 0.996
  },
  "epoch:40": {
    "acc: ": 93.95,
    "f1: ": 0.916,
    "auc: ": 0.994
  },
  "epoch:43": {
    "acc: ": 93.89,
    "f1: ": 0.916,
    "auc: ": 0.995
  },
  "epoch:38": {
    "acc: ": 93.86,
    "f1: ": 0.918,
    "auc: ": 0.995
  },
  "best10_mean": 94.04100000000001,
  "best10_f1_mean": 0.9185000000000001,
  "best10_auc_mean": 0.9951999999999999
}