{
  "epoch:15": {
    "acc: ": 91.41,
    "f1: ": 0.889,
    "auc: ": 0.993
  },
  "epoch:20": {
    "acc: ": 91.11,
    "f1: ": 0.882,
    "auc: ": 0.992
  },
  "epoch:45": {
    "acc: ": 91.06,
    "f1: ": 0.881,
    "auc: ": 0.993
  },
  "epoch:42": {
    "acc: ": 90.98,
    "f1: ": 0.879,
    "auc: ": 0.993
  },
  "epoch:14": {
    "acc: ": 90.9,
    "f1: ": 0.874,
    "auc: ": 0.992
  },
  "epoch:21": {
    "acc: ": 90.9,
    "f1: ": 0.876,
    "auc: ": 0.992
  },
  "epoch:36": {
    "acc: ": 90.81,
    "f1: ": 0.877,
    "auc: ": 0.994
  },
  "epoch:47": {
    "acc: ": 90.81,
    "f1: ": 0.879,
    "auc: ": 0.993
  },
  "epoch:41": {
    "acc: ": 90.75,
    "f1: ": 0.877,
    "auc: ": 0.993
  },
  "epoch:48": {
    "acc: ": 90.7,
    "f1: ": 0.878,
    "auc: ": 0.993
  },
  "best10_mean": 90.94300000000001,
  "best10_f1_mean": 0.8792,
  "best10_auc_mean": 0.9927999999999999
}