{
  "epoch:3": {
    "acc: ": 79.47,
    "f1: ": 0.711,
    "auc: ": 0.966
  },
  "epoch:5": {
    "acc: ": 72.79,
    "f1: ": 0.667,
    "auc: ": 0.957
  },
  "epoch:6": {
    "acc: ": 71.36,
    "f1: ": 0.656,
    "auc: ": 0.949
  },
  "epoch:43": {
    "acc: ": 71.02,
    "f1: ": 0.662,
    "auc: ": 0.943
  },
  "epoch:48": {
    "acc: ": 70.96,
    "f1: ": 0.667,
    "auc: ": 0.945
  },
  "epoch:49": {
    "acc: ": 70.9,
    "f1: ": 0.666,
    "auc: ": 0.944
  },
  "epoch:46": {
    "acc: ": 70.61,
    "f1: ": 0.664,
    "auc: ": 0.944
  },
  "epoch:44": {
    "acc: ": 70.6,
    "f1: ": 0.665,
    "auc: ": 0.941
  },
  "epoch:47": {
    "acc: ": 70.33,
    "f1: ": 0.661,
    "auc: ": 0.944
  },
  "epoch:42": {
    "acc: ": 69.78,
    "f1: ": 0.66,
    "auc: ": 0.94
  },
  "best10_mean": 71.78200000000001,
  "best10_f1_mean": 0.6679,
  "best10_auc_mean": 0.9472999999999999
}