{
  "epoch:32": {
    "acc: ": 94.25,
    "f1: ": 0.922,
    "auc: ": 0.996
  },
  "epoch:39": {
    "acc: ": 94.22,
    "f1: ": 0.923,
    "auc: ": 0.995
  },
  "epoch:40": {
    "acc: ": 93.51,
    "f1: ": 0.911,
    "auc: ": 0.992
  },
  "epoch:47": {
    "acc: ": 93.46,
    "f1: ": 0.914,
    "auc: ": 0.994
  },
  "epoch:41": {
    "acc: ": 93.37,
    "f1: ": 0.912,
    "auc: ": 0.993
  },
  "epoch:38": {
    "acc: ": 93.3,
    "f1: ": 0.91,
    "auc: ": 0.994
  },
  "epoch:42": {
    "acc: ": 93.26,
    "f1: ": 0.915,
    "auc: ": 0.994
  },
  "epoch:46": {
    "acc: ": 93.26,
    "f1: ": 0.912,
    "auc: ": 0.994
  },
  "epoch:48": {
    "acc: ": 93.13,
    "f1: ": 0.909,
    "auc: ": 0.993
  },
  "epoch:23": {
    "acc: ": 93.12,
    "f1: ": 0.907,
    "auc: ": 0.996
  },
  "best10_mean": 93.488,
  "best10_f1_mean": 0.9135000000000002,
  "best10_auc_mean": 0.9941000000000001
}