{
  "epoch:44": {
    "acc: ": 91.9,
    "f1: ": 0.892,
    "auc: ": 0.99
  },
  "epoch:43": {
    "acc: ": 91.69,
    "f1: ": 0.89,
    "auc: ": 0.991
  },
  "epoch:47": {
    "acc: ": 91.62,
    "f1: ": 0.888,
    "auc: ": 0.991
  },
  "epoch:48": {
    "acc: ": 91.62,
    "f1: ": 0.888,
    "auc: ": 0.99
  },
  "epoch:49": {
    "acc: ": 91.41,
    "f1: ": 0.885,
    "auc: ": 0.991
  },
  "epoch:45": {
    "acc: ": 91.33,
    "f1: ": 0.885,
    "auc: ": 0.99
  },
  "epoch:37": {
    "acc: ": 91.28,
    "f1: ": 0.884,
    "auc: ": 0.991
  },
  "epoch:46": {
    "acc: ": 91.2,
    "f1: ": 0.881,
    "auc: ": 0.99
  },
  "epoch:35": {
    "acc: ": 91.05,
    "f1: ": 0.875,
    "auc: ": 0.989
  },
  "epoch:32": {
    "acc: ": 90.73,
    "f1: ": 0.877,
    "auc: ": 0.988
  },
  "best10_mean": 91.38300000000001,
  "best10_f1_mean": 0.8845000000000001,
  "best10_auc_mean": 0.9901
}