{
  "epoch:2": {
    "acc: ": 54.82,
    "f1: ": 0.444,
    "auc: ": 0.853
  },
  "epoch:0": {
    "acc: ": 27.21,
    "f1: ": 0.304,
    "auc: ": 0.789
  },
  "epoch:1": {
    "acc: ": 9.55,
    "f1: ": 0.116,
    "auc: ": 0.637
  },
  "best10_mean": 30.526666666666667,
  "best10_f1_mean": 0.288,
  "best10_auc_mean": 0.7596666666666666
}