{
  "epoch:13": {
    "acc: ": 92.72,
    "f1: ": 0.895,
    "auc: ": 0.994
  },
  "epoch:19": {
    "acc: ": 92.44,
    "f1: ": 0.896,
    "auc: ": 0.992
  },
  "epoch:42": {
    "acc: ": 92.17,
    "f1: ": 0.891,
    "auc: ": 0.993
  },
  "epoch:34": {
    "acc: ": 91.92,
    "f1: ": 0.878,
    "auc: ": 0.993
  },
  "epoch:48": {
    "acc: ": 91.77,
    "f1: ": 0.884,
    "auc: ": 0.993
  },
  "epoch:44": {
    "acc: ": 91.66,
    "f1: ": 0.881,
    "auc: ": 0.992
  },
  "epoch:14": {
    "acc: ": 91.65,
    "f1: ": 0.885,
    "auc: ": 0.992
  },
  "epoch:43": {
    "acc: ": 91.6,
    "f1: ": 0.882,
    "auc: ": 0.992
  },
  "epoch:32": {
    "acc: ": 91.49,
    "f1: ": 0.886,
    "auc: ": 0.987
  },
  "epoch:38": {
    "acc: ": 91.49,
    "f1: ": 0.876,
    "auc: ": 0.994
  },
  "best10_mean": 91.89099999999999,
  "best10_f1_mean": 0.8854,
  "best10_auc_mean": 0.9921999999999999
}