{
  "epoch:2": {
    "acc: ": 70.0,
    "f1: ": 0.619,
    "auc: ": 0.909
  },
  "epoch:6": {
    "acc: ": 62.55,
    "f1: ": 0.526,
    "auc: ": 0.905
  },
  "epoch:28": {
    "acc: ": 55.74,
    "f1: ": 0.514,
    "auc: ": 0.88
  },
  "epoch:5": {
    "acc: ": 55.42,
    "f1: ": 0.491,
    "auc: ": 0.881
  },
  "epoch:13": {
    "acc: ": 54.63,
    "f1: ": 0.456,
    "auc: ": 0.864
  },
  "epoch:34": {
    "acc: ": 52.71,
    "f1: ": 0.452,
    "auc: ": 0.901
  },
  "epoch:35": {
    "acc: ": 52.69,
    "f1: ": 0.45,
    "auc: ": 0.878
  },
  "epoch:26": {
    "acc: ": 52.49,
    "f1: ": 0.441,
    "auc: ": 0.892
  },
  "epoch:22": {
    "acc: ": 52.27,
    "f1: ": 0.453,
    "auc: ": 0.842
  },
  "epoch:41": {
    "acc: ": 51.76,
    "f1: ": 0.434,
    "auc: ": 0.872
  },
  "best10_mean": 56.025999999999996,
  "best10_f1_mean": 0.48360000000000003,
  "best10_auc_mean": 0.8824
}