{
  "epoch:48": {
    "acc: ": 92.5,
    "f1: ": 0.895,
    "auc: ": 0.992
  },
  "epoch:41": {
    "acc: ": 92.47,
    "f1: ": 0.896,
    "auc: ": 0.993
  },
  "epoch:49": {
    "acc: ": 92.47,
    "f1: ": 0.894,
    "auc: ": 0.992
  },
  "epoch:46": {
    "acc: ": 92.45,
    "f1: ": 0.895,
    "auc: ": 0.992
  },
  "epoch:47": {
    "acc: ": 92.36,
    "f1: ": 0.894,
    "auc: ": 0.992
  },
  "epoch:40": {
    "acc: ": 92.33,
    "f1: ": 0.895,
    "auc: ": 0.992
  },
  "epoch:44": {
    "acc: ": 92.29,
    "f1: ": 0.895,
    "auc: ": 0.992
  },
  "epoch:43": {
    "acc: ": 92.2,
    "f1: ": 0.89,
    "auc: ": 0.992
  },
  "epoch:45": {
    "acc: ": 92.09,
    "f1: ": 0.892,
    "auc: ": 0.992
  },
  "epoch:37": {
    "acc: ": 92.04,
    "f1: ": 0.892,
    "auc: ": 0.991
  },
  "best10_mean": 92.32000000000001,
  "best10_f1_mean": 0.8937999999999999,
  "best10_auc_mean": 0.992
}