{
  "epoch:44": {
    "acc: ": 78.46,
    "f1: ": 0.784,
    "auc: ": 0.942
  },
  "epoch:43": {
    "acc: ": 77.89,
    "f1: ": 0.779,
    "auc: ": 0.942
  },
  "epoch:46": {
    "acc: ": 77.86,
    "f1: ": 0.779,
    "auc: ": 0.942
  },
  "epoch:48": {
    "acc: ": 77.79,
    "f1: ": 0.777,
    "auc: ": 0.943
  },
  "epoch:49": {
    "acc: ": 77.79,
    "f1: ": 0.777,
    "auc: ": 0.943
  },
  "epoch:42": {
    "acc: ": 77.61,
    "f1: ": 0.775,
    "auc: ": 0.938
  },
  "epoch:47": {
    "acc: ": 77.57,
    "f1: ": 0.775,
    "auc: ": 0.943
  },
  "epoch:40": {
    "acc: ": 77.43,
    "f1: ": 0.774,
    "auc: ": 0.939
  },
  "epoch:41": {
    "acc: ": 77.32,
    "f1: ": 0.772,
    "auc: ": 0.938
  },
  "epoch:45": {
    "acc: ": 77.25,
    "f1: ": 0.773,
    "auc: ": 0.939
  },
  "best10_mean": 77.697,
  "best10_f1_mean": 0.7765000000000001,
  "best10_auc_mean": 0.9408999999999998
}