{
  "epoch:35": {
    "acc: ": 91.69,
    "f1: ": 0.88,
    "auc: ": 0.993
  },
  "epoch:34": {
    "acc: ": 91.57,
    "f1: ": 0.881,
    "auc: ": 0.993
  },
  "epoch:43": {
    "acc: ": 91.55,
    "f1: ": 0.876,
    "auc: ": 0.99
  },
  "epoch:38": {
    "acc: ": 91.5,
    "f1: ": 0.873,
    "auc: ": 0.989
  },
  "epoch:48": {
    "acc: ": 91.06,
    "f1: ": 0.871,
    "auc: ": 0.99
  },
  "epoch:49": {
    "acc: ": 91.02,
    "f1: ": 0.871,
    "auc: ": 0.989
  },
  "epoch:44": {
    "acc: ": 91.0,
    "f1: ": 0.875,
    "auc: ": 0.992
  },
  "epoch:40": {
    "acc: ": 90.98,
    "f1: ": 0.867,
    "auc: ": 0.986
  },
  "epoch:46": {
    "acc: ": 90.89,
    "f1: ": 0.868,
    "auc: ": 0.989
  },
  "epoch:45": {
    "acc: ": 90.84,
    "f1: ": 0.869,
    "auc: ": 0.99
  },
  "best10_mean": 91.21000000000001,
  "best10_f1_mean": 0.8731000000000002,
  "best10_auc_mean": 0.9901
}