{
  "epoch:35": {
    "acc: ": 91.09,
    "f1: ": 0.882,
    "auc: ": 0.989
  },
  "epoch:48": {
    "acc: ": 90.62,
    "f1: ": 0.875,
    "auc: ": 0.989
  },
  "epoch:44": {
    "acc: ": 90.56,
    "f1: ": 0.872,
    "auc: ": 0.989
  },
  "epoch:49": {
    "acc: ": 90.54,
    "f1: ": 0.874,
    "auc: ": 0.989
  },
  "epoch:31": {
    "acc: ": 90.4,
    "f1: ": 0.857,
    "auc: ": 0.989
  },
  "epoch:47": {
    "acc: ": 90.4,
    "f1: ": 0.871,
    "auc: ": 0.989
  },
  "epoch:34": {
    "acc: ": 90.23,
    "f1: ": 0.875,
    "auc: ": 0.988
  },
  "epoch:43": {
    "acc: ": 90.13,
    "f1: ": 0.877,
    "auc: ": 0.991
  },
  "epoch:25": {
    "acc: ": 90.02,
    "f1: ": 0.863,
    "auc: ": 0.989
  },
  "epoch:46": {
    "acc: ": 90.02,
    "f1: ": 0.867,
    "auc: ": 0.988
  },
  "best10_mean": 90.401,
  "best10_f1_mean": 0.8713000000000001,
  "best10_auc_mean": 0.9890000000000001
}