{
  "epoch:40": {
    "acc: ": 93.21,
    "f1: ": 0.905,
    "auc: ": 0.993
  },
  "epoch:43": {
    "acc: ": 92.55,
    "f1: ": 0.896,
    "auc: ": 0.993
  },
  "epoch:42": {
    "acc: ": 92.42,
    "f1: ": 0.895,
    "auc: ": 0.993
  },
  "epoch:39": {
    "acc: ": 92.37,
    "f1: ": 0.896,
    "auc: ": 0.994
  },
  "epoch:44": {
    "acc: ": 92.34,
    "f1: ": 0.895,
    "auc: ": 0.993
  },
  "epoch:33": {
    "acc: ": 92.25,
    "f1: ": 0.896,
    "auc: ": 0.993
  },
  "epoch:41": {
    "acc: ": 92.18,
    "f1: ": 0.893,
    "auc: ": 0.993
  },
  "epoch:47": {
    "acc: ": 92.07,
    "f1: ": 0.891,
    "auc: ": 0.993
  },
  "epoch:48": {
    "acc: ": 92.06,
    "f1: ": 0.891,
    "auc: ": 0.992
  },
  "epoch:46": {
    "acc: ": 91.95,
    "f1: ": 0.889,
    "auc: ": 0.993
  },
  "best10_mean": 92.33999999999999,
  "best10_f1_mean": 0.8946999999999999,
  "best10_auc_mean": 0.9930000000000001
}