{
  "epoch:34": {
    "acc: ": 92.34,
    "f1: ": 0.889,
    "auc: ": 0.989
  },
  "epoch:40": {
    "acc: ": 91.46,
    "f1: ": 0.875,
    "auc: ": 0.988
  },
  "epoch:36": {
    "acc: ": 91.17,
    "f1: ": 0.861,
    "auc: ": 0.983
  },
  "epoch:38": {
    "acc: ": 90.92,
    "f1: ": 0.865,
    "auc: ": 0.989
  },
  "epoch:45": {
    "acc: ": 90.86,
    "f1: ": 0.869,
    "auc: ": 0.982
  },
  "epoch:41": {
    "acc: ": 90.12,
    "f1: ": 0.861,
    "auc: ": 0.984
  },
  "epoch:43": {
    "acc: ": 90.05,
    "f1: ": 0.862,
    "auc: ": 0.981
  },
  "epoch:47": {
    "acc: ": 89.93,
    "f1: ": 0.857,
    "auc: ": 0.984
  },
  "epoch:39": {
    "acc: ": 89.67,
    "f1: ": 0.853,
    "auc: ": 0.984
  },
  "epoch:48": {
    "acc: ": 89.61,
    "f1: ": 0.854,
    "auc: ": 0.983
  },
  "best10_mean": 90.61300000000001,
  "best10_f1_mean": 0.8645999999999999,
  "best10_auc_mean": 0.9847000000000001
}