{
  "epoch:38": {
    "acc: ": 87.02,
    "f1: ": 0.839,
    "auc: ": 0.986
  },
  "epoch:44": {
    "acc: ": 86.64,
    "f1: ": 0.837,
    "auc: ": 0.986
  },
  "epoch:43": {
    "acc: ": 86.42,
    "f1: ": 0.831,
    "auc: ": 0.986
  },
  "epoch:47": {
    "acc: ": 86.36,
    "f1: ": 0.834,
    "auc: ": 0.986
  },
  "epoch:35": {
    "acc: ": 86.29,
    "f1: ": 0.827,
    "auc: ": 0.986
  },
  "epoch:45": {
    "acc: ": 86.29,
    "f1: ": 0.83,
    "auc: ": 0.986
  },
  "epoch:49": {
    "acc: ": 86.29,
    "f1: ": 0.834,
    "auc: ": 0.986
  },
  "epoch:46": {
    "acc: ": 86.23,
    "f1: ": 0.831,
    "auc: ": 0.986
  },
  "epoch:48": {
    "acc: ": 86.23,
    "f1: ": 0.833,
    "auc: ": 0.986
  },
  "epoch:31": {
    "acc: ": 85.77,
    "f1: ": 0.809,
    "auc: ": 0.982
  },
  "best10_mean": 86.354,
  "best10_f1_mean": 0.8304999999999998,
  "best10_auc_mean": 0.9855999999999998
}