{
  "epoch:46": {
    "acc: ": 90.95,
    "f1: ": 0.876,
    "auc: ": 0.989
  },
  "epoch:37": {
    "acc: ": 90.87,
    "f1: ": 0.875,
    "auc: ": 0.988
  },
  "epoch:47": {
    "acc: ": 90.86,
    "f1: ": 0.875,
    "auc: ": 0.989
  },
  "epoch:29": {
    "acc: ": 90.7,
    "f1: ": 0.878,
    "auc: ": 0.99
  },
  "epoch:38": {
    "acc: ": 90.62,
    "f1: ": 0.87,
    "auc: ": 0.989
  },
  "epoch:48": {
    "acc: ": 90.62,
    "f1: ": 0.873,
    "auc: ": 0.988
  },
  "epoch:40": {
    "acc: ": 90.6,
    "f1: ": 0.876,
    "auc: ": 0.989
  },
  "epoch:49": {
    "acc: ": 90.6,
    "f1: ": 0.872,
    "auc: ": 0.988
  },
  "epoch:41": {
    "acc: ": 90.56,
    "f1: ": 0.873,
    "auc: ": 0.987
  },
  "epoch:45": {
    "acc: ": 90.38,
    "f1: ": 0.87,
    "auc: ": 0.987
  },
  "best10_mean": 90.67600000000002,
  "best10_f1_mean": 0.8737999999999999,
  "best10_auc_mean": 0.9884000000000001
}