{
  "epoch:37": {
    "acc: ": 94.52,
    "f1: ": 0.925,
    "auc: ": 0.996
  },
  "epoch:44": {
    "acc: ": 93.86,
    "f1: ": 0.92,
    "auc: ": 0.996
  },
  "epoch:41": {
    "acc: ": 93.75,
    "f1: ": 0.918,
    "auc: ": 0.996
  },
  "epoch:31": {
    "acc: ": 93.43,
    "f1: ": 0.92,
    "auc: ": 0.996
  },
  "epoch:47": {
    "acc: ": 93.42,
    "f1: ": 0.916,
    "auc: ": 0.995
  },
  "epoch:26": {
    "acc: ": 93.37,
    "f1: ": 0.916,
    "auc: ": 0.996
  },
  "epoch:49": {
    "acc: ": 93.37,
    "f1: ": 0.915,
    "auc: ": 0.995
  },
  "epoch:45": {
    "acc: ": 93.29,
    "f1: ": 0.911,
    "auc: ": 0.995
  },
  "epoch:48": {
    "acc: ": 93.24,
    "f1: ": 0.914,
    "auc: ": 0.995
  },
  "epoch:42": {
    "acc: ": 93.23,
    "f1: ": 0.916,
    "auc: ": 0.996
  },
  "best10_mean": 93.548,
  "best10_f1_mean": 0.9171000000000001,
  "best10_auc_mean": 0.9955999999999999
}