{
  "epoch:42": {
    "acc: ": 92.07,
    "f1: ": 0.9,
    "auc: ": 0.992
  },
  "epoch:40": {
    "acc: ": 92.03,
    "f1: ": 0.894,
    "auc: ": 0.991
  },
  "epoch:49": {
    "acc: ": 91.68,
    "f1: ": 0.891,
    "auc: ": 0.991
  },
  "epoch:48": {
    "acc: ": 91.65,
    "f1: ": 0.89,
    "auc: ": 0.991
  },
  "epoch:46": {
    "acc: ": 91.6,
    "f1: ": 0.89,
    "auc: ": 0.991
  },
  "epoch:47": {
    "acc: ": 91.41,
    "f1: ": 0.887,
    "auc: ": 0.991
  },
  "epoch:43": {
    "acc: ": 91.35,
    "f1: ": 0.885,
    "auc: ": 0.992
  },
  "epoch:45": {
    "acc: ": 91.35,
    "f1: ": 0.886,
    "auc: ": 0.991
  },
  "epoch:27": {
    "acc: ": 91.33,
    "f1: ": 0.883,
    "auc: ": 0.992
  },
  "epoch:44": {
    "acc: ": 91.05,
    "f1: ": 0.883,
    "auc: ": 0.989
  },
  "best10_mean": 91.55199999999999,
  "best10_f1_mean": 0.8888999999999999,
  "best10_auc_mean": 0.9911000000000001
}