{
  "epoch:0": {
    "acc: ": 42.74,
    "f1: ": 0.332,
    "auc: ": 0.743
  },
  "epoch:3": {
    "acc: ": 32.05,
    "f1: ": 0.182,
    "auc: ": 0.608
  },
  "epoch:4": {
    "acc: ": 32.05,
    "f1: ": 0.182,
    "auc: ": 0.608
  },
  "epoch:5": {
    "acc: ": 32.05,
    "f1: ": 0.182,
    "auc: ": 0.608
  },
  "epoch:6": {
    "acc: ": 32.05,
    "f1: ": 0.182,
    "auc: ": 0.608
  },
  "epoch:7": {
    "acc: ": 32.05,
    "f1: ": 0.182,
    "auc: ": 0.608
  },
  "epoch:8": {
    "acc: ": 32.05,
    "f1: ": 0.182,
    "auc: ": 0.608
  },
  "epoch:9": {
    "acc: ": 32.05,
    "f1: ": 0.182,
    "auc: ": 0.608
  },
  "epoch:10": {
    "acc: ": 32.05,
    "f1: ": 0.182,
    "auc: ": 0.608
  },
  "epoch:11": {
    "acc: ": 32.05,
    "f1: ": 0.182,
    "auc: ": 0.608
  },
  "best10_mean": 33.11900000000001,
  "best10_f1_mean": 0.19699999999999995,
  "best10_auc_mean": 0.6214999999999999
}