{
  "epoch:44": {
    "acc: ": 92.37,
    "f1: ": 0.898,
    "auc: ": 0.993
  },
  "epoch:48": {
    "acc: ": 91.99,
    "f1: ": 0.897,
    "auc: ": 0.992
  },
  "epoch:49": {
    "acc: ": 91.96,
    "f1: ": 0.897,
    "auc: ": 0.992
  },
  "epoch:45": {
    "acc: ": 91.77,
    "f1: ": 0.894,
    "auc: ": 0.991
  },
  "epoch:47": {
    "acc: ": 91.68,
    "f1: ": 0.894,
    "auc: ": 0.992
  },
  "epoch:41": {
    "acc: ": 91.17,
    "f1: ": 0.887,
    "auc: ": 0.991
  },
  "epoch:43": {
    "acc: ": 91.14,
    "f1: ": 0.89,
    "auc: ": 0.991
  },
  "epoch:46": {
    "acc: ": 91.06,
    "f1: ": 0.888,
    "auc: ": 0.991
  },
  "epoch:40": {
    "acc: ": 90.89,
    "f1: ": 0.888,
    "auc: ": 0.99
  },
  "epoch:36": {
    "acc: ": 90.81,
    "f1: ": 0.883,
    "auc: ": 0.991
  },
  "best10_mean": 91.484,
  "best10_f1_mean": 0.8916000000000001,
  "best10_auc_mean": 0.9913999999999998
}