{
  "epoch:42": {
    "acc: ": 91.19,
    "f1: ": 0.888,
    "auc: ": 0.991
  },
  "epoch:30": {
    "acc: ": 90.81,
    "f1: ": 0.883,
    "auc: ": 0.992
  },
  "epoch:35": {
    "acc: ": 90.79,
    "f1: ": 0.88,
    "auc: ": 0.992
  },
  "epoch:47": {
    "acc: ": 90.72,
    "f1: ": 0.877,
    "auc: ": 0.991
  },
  "epoch:46": {
    "acc: ": 90.64,
    "f1: ": 0.877,
    "auc: ": 0.99
  },
  "epoch:45": {
    "acc: ": 90.46,
    "f1: ": 0.874,
    "auc: ": 0.99
  },
  "epoch:49": {
    "acc: ": 90.46,
    "f1: ": 0.874,
    "auc: ": 0.99
  },
  "epoch:48": {
    "acc: ": 90.45,
    "f1: ": 0.875,
    "auc: ": 0.99
  },
  "epoch:43": {
    "acc: ": 90.43,
    "f1: ": 0.879,
    "auc: ": 0.988
  },
  "epoch:44": {
    "acc: ": 90.43,
    "f1: ": 0.874,
    "auc: ": 0.99
  },
  "best10_mean": 90.638,
  "best10_f1_mean": 0.8780999999999999,
  "best10_auc_mean": 0.9904000000000002
}