{
  "epoch:31": {
    "acc: ": 93.13,
    "f1: ": 0.907,
    "auc: ": 0.995
  },
  "epoch:30": {
    "acc: ": 91.44,
    "f1: ": 0.889,
    "auc: ": 0.993
  },
  "epoch:25": {
    "acc: ": 91.35,
    "f1: ": 0.89,
    "auc: ": 0.993
  },
  "epoch:23": {
    "acc: ": 90.92,
    "f1: ": 0.876,
    "auc: ": 0.992
  },
  "epoch:37": {
    "acc: ": 90.53,
    "f1: ": 0.881,
    "auc: ": 0.991
  },
  "epoch:35": {
    "acc: ": 90.42,
    "f1: ": 0.883,
    "auc: ": 0.992
  },
  "epoch:18": {
    "acc: ": 89.94,
    "f1: ": 0.877,
    "auc: ": 0.994
  },
  "epoch:32": {
    "acc: ": 89.69,
    "f1: ": 0.854,
    "auc: ": 0.991
  },
  "epoch:39": {
    "acc: ": 89.44,
    "f1: ": 0.866,
    "auc: ": 0.991
  },
  "epoch:43": {
    "acc: ": 89.33,
    "f1: ": 0.863,
    "auc: ": 0.99
  },
  "best10_mean": 90.61900000000001,
  "best10_f1_mean": 0.8785999999999999,
  "best10_auc_mean": 0.9921999999999999
}