{
  "epoch:45": {
    "acc: ": 80.29,
    "f1: ": 0.802,
    "auc: ": 0.952
  },
  "epoch:46": {
    "acc: ": 80.0,
    "f1: ": 0.799,
    "auc: ": 0.95
  },
  "epoch:47": {
    "acc: ": 79.82,
    "f1: ": 0.797,
    "auc: ": 0.951
  },
  "epoch:48": {
    "acc: ": 79.43,
    "f1: ": 0.793,
    "auc: ": 0.951
  },
  "epoch:49": {
    "acc: ": 79.43,
    "f1: ": 0.793,
    "auc: ": 0.951
  },
  "epoch:41": {
    "acc: ": 78.11,
    "f1: ": 0.782,
    "auc: ": 0.946
  },
  "epoch:44": {
    "acc: ": 78.11,
    "f1: ": 0.779,
    "auc: ": 0.948
  },
  "epoch:43": {
    "acc: ": 78.04,
    "f1: ": 0.779,
    "auc: ": 0.944
  },
  "epoch:37": {
    "acc: ": 77.11,
    "f1: ": 0.769,
    "auc: ": 0.946
  },
  "epoch:42": {
    "acc: ": 76.89,
    "f1: ": 0.764,
    "auc: ": 0.943
  },
  "best10_mean": 78.723,
  "best10_f1_mean": 0.7857000000000001,
  "best10_auc_mean": 0.9481999999999999
}