{
  "epoch:37": {
    "acc: ": 94.17,
    "f1: ": 0.919,
    "auc: ": 0.995
  },
  "epoch:44": {
    "acc: ": 94.14,
    "f1: ": 0.918,
    "auc: ": 0.996
  },
  "epoch:38": {
    "acc: ": 94.13,
    "f1: ": 0.921,
    "auc: ": 0.995
  },
  "epoch:40": {
    "acc: ": 94.13,
    "f1: ": 0.919,
    "auc: ": 0.996
  },
  "epoch:45": {
    "acc: ": 94.08,
    "f1: ": 0.919,
    "auc: ": 0.996
  },
  "epoch:46": {
    "acc: ": 93.98,
    "f1: ": 0.918,
    "auc: ": 0.996
  },
  "epoch:47": {
    "acc: ": 93.84,
    "f1: ": 0.916,
    "auc: ": 0.996
  },
  "epoch:48": {
    "acc: ": 93.78,
    "f1: ": 0.914,
    "auc: ": 0.995
  },
  "epoch:49": {
    "acc: ": 93.68,
    "f1: ": 0.914,
    "auc: ": 0.996
  },
  "epoch:33": {
    "acc: ": 93.3,
    "f1: ": 0.907,
    "auc: ": 0.995
  },
  "best10_mean": 93.923,
  "best10_f1_mean": 0.9165000000000001,
  "best10_auc_mean": 0.9955999999999999
}