{
  "epoch:31": {
    "acc: ": 89.37,
    "f1: ": 0.863,
    "auc: ": 0.989
  },
  "epoch:41": {
    "acc: ": 88.8,
    "f1: ": 0.853,
    "auc: ": 0.987
  },
  "epoch:42": {
    "acc: ": 88.33,
    "f1: ": 0.855,
    "auc: ": 0.985
  },
  "epoch:39": {
    "acc: ": 88.0,
    "f1: ": 0.847,
    "auc: ": 0.985
  },
  "epoch:44": {
    "acc: ": 87.72,
    "f1: ": 0.842,
    "auc: ": 0.984
  },
  "epoch:49": {
    "acc: ": 87.7,
    "f1: ": 0.844,
    "auc: ": 0.985
  },
  "epoch:47": {
    "acc: ": 87.51,
    "f1: ": 0.842,
    "auc: ": 0.985
  },
  "epoch:45": {
    "acc: ": 87.48,
    "f1: ": 0.844,
    "auc: ": 0.985
  },
  "epoch:48": {
    "acc: ": 87.43,
    "f1: ": 0.841,
    "auc: ": 0.984
  },
  "epoch:40": {
    "acc: ": 87.08,
    "f1: ": 0.832,
    "auc: ": 0.985
  },
  "best10_mean": 87.94200000000002,
  "best10_f1_mean": 0.8463,
  "best10_auc_mean": 0.9853999999999999
}