{
  "epoch:46": {
    "acc: ": 76.0,
    "f1: ": 0.76,
    "auc: ": 0.935
  },
  "epoch:47": {
    "acc: ": 75.64,
    "f1: ": 0.757,
    "auc: ": 0.934
  },
  "epoch:48": {
    "acc: ": 75.57,
    "f1: ": 0.756,
    "auc: ": 0.935
  },
  "epoch:45": {
    "acc: ": 75.54,
    "f1: ": 0.756,
    "auc: ": 0.933
  },
  "epoch:49": {
    "acc: ": 75.43,
    "f1: ": 0.755,
    "auc: ": 0.936
  },
  "epoch:43": {
    "acc: ": 75.21,
    "f1: ": 0.753,
    "auc: ": 0.932
  },
  "epoch:39": {
    "acc: ": 74.68,
    "f1: ": 0.743,
    "auc: ": 0.933
  },
  "epoch:44": {
    "acc: ": 74.39,
    "f1: ": 0.743,
    "auc: ": 0.93
  },
  "epoch:42": {
    "acc: ": 73.93,
    "f1: ": 0.738,
    "auc: ": 0.93
  },
  "epoch:35": {
    "acc: ": 73.29,
    "f1: ": 0.73,
    "auc: ": 0.92
  },
  "best10_mean": 74.96799999999999,
  "best10_f1_mean": 0.7491000000000001,
  "best10_auc_mean": 0.9318
}