{
  "epoch:33": {
    "acc: ": 90.56,
    "f1: ": 0.881,
    "auc: ": 0.993
  },
  "epoch:27": {
    "acc: ": 90.37,
    "f1: ": 0.871,
    "auc: ": 0.992
  },
  "epoch:34": {
    "acc: ": 90.34,
    "f1: ": 0.874,
    "auc: ": 0.992
  },
  "epoch:47": {
    "acc: ": 90.29,
    "f1: ": 0.875,
    "auc: ": 0.992
  },
  "epoch:46": {
    "acc: ": 90.26,
    "f1: ": 0.874,
    "auc: ": 0.992
  },
  "epoch:48": {
    "acc: ": 90.24,
    "f1: ": 0.876,
    "auc: ": 0.992
  },
  "epoch:41": {
    "acc: ": 90.15,
    "f1: ": 0.873,
    "auc: ": 0.993
  },
  "epoch:49": {
    "acc: ": 90.04,
    "f1: ": 0.874,
    "auc: ": 0.992
  },
  "epoch:45": {
    "acc: ": 90.02,
    "f1: ": 0.872,
    "auc: ": 0.992
  },
  "epoch:44": {
    "acc: ": 89.89,
    "f1: ": 0.871,
    "auc: ": 0.992
  },
  "best10_mean": 90.21599999999998,
  "best10_f1_mean": 0.8741,
  "best10_auc_mean": 0.9922000000000001
}