{
  "epoch:42": {
    "acc: ": 93.12,
    "f1: ": 0.908,
    "auc: ": 0.992
  },
  "epoch:39": {
    "acc: ": 93.1,
    "f1: ": 0.908,
    "auc: ": 0.993
  },
  "epoch:45": {
    "acc: ": 92.99,
    "f1: ": 0.907,
    "auc: ": 0.993
  },
  "epoch:40": {
    "acc: ": 92.97,
    "f1: ": 0.903,
    "auc: ": 0.992
  },
  "epoch:43": {
    "acc: ": 92.8,
    "f1: ": 0.904,
    "auc: ": 0.992
  },
  "epoch:47": {
    "acc: ": 92.63,
    "f1: ": 0.902,
    "auc: ": 0.991
  },
  "epoch:44": {
    "acc: ": 92.61,
    "f1: ": 0.902,
    "auc: ": 0.991
  },
  "epoch:49": {
    "acc: ": 92.53,
    "f1: ": 0.901,
    "auc: ": 0.991
  },
  "epoch:46": {
    "acc: ": 92.52,
    "f1: ": 0.901,
    "auc: ": 0.991
  },
  "epoch:34": {
    "acc: ": 92.42,
    "f1: ": 0.898,
    "auc: ": 0.993
  },
  "best10_mean": 92.76899999999998,
  "best10_f1_mean": 0.9034000000000001,
  "best10_auc_mean": 0.9918999999999999
}