{
  "epoch:39": {
    "acc: ": 93.98,
    "f1: ": 0.916,
    "auc: ": 0.996
  },
  "epoch:35": {
    "acc: ": 93.51,
    "f1: ": 0.917,
    "auc: ": 0.996
  },
  "epoch:37": {
    "acc: ": 93.45,
    "f1: ": 0.908,
    "auc: ": 0.996
  },
  "epoch:34": {
    "acc: ": 92.48,
    "f1: ": 0.893,
    "auc: ": 0.995
  },
  "epoch:45": {
    "acc: ": 92.42,
    "f1: ": 0.9,
    "auc: ": 0.994
  },
  "epoch:32": {
    "acc: ": 92.39,
    "f1: ": 0.898,
    "auc: ": 0.992
  },
  "epoch:46": {
    "acc: ": 92.39,
    "f1: ": 0.898,
    "auc: ": 0.995
  },
  "epoch:49": {
    "acc: ": 92.36,
    "f1: ": 0.895,
    "auc: ": 0.994
  },
  "epoch:13": {
    "acc: ": 92.31,
    "f1: ": 0.878,
    "auc: ": 0.993
  },
  "epoch:17": {
    "acc: ": 92.28,
    "f1: ": 0.898,
    "auc: ": 0.994
  },
  "best10_mean": 92.75699999999999,
  "best10_f1_mean": 0.9000999999999999,
  "best10_auc_mean": 0.9945
}