{
  "epoch:42": {
    "acc: ": 92.93,
    "f1: ": 0.903,
    "auc: ": 0.994
  },
  "epoch:40": {
    "acc: ": 92.77,
    "f1: ": 0.905,
    "auc: ": 0.994
  },
  "epoch:45": {
    "acc: ": 92.75,
    "f1: ": 0.903,
    "auc: ": 0.994
  },
  "epoch:43": {
    "acc: ": 92.74,
    "f1: ": 0.902,
    "auc: ": 0.993
  },
  "epoch:48": {
    "acc: ": 92.53,
    "f1: ": 0.898,
    "auc: ": 0.993
  },
  "epoch:46": {
    "acc: ": 92.5,
    "f1: ": 0.896,
    "auc: ": 0.993
  },
  "epoch:49": {
    "acc: ": 92.5,
    "f1: ": 0.897,
    "auc: ": 0.993
  },
  "epoch:38": {
    "acc: ": 92.36,
    "f1: ": 0.891,
    "auc: ": 0.994
  },
  "epoch:36": {
    "acc: ": 92.28,
    "f1: ": 0.896,
    "auc: ": 0.992
  },
  "epoch:47": {
    "acc: ": 92.15,
    "f1: ": 0.893,
    "auc: ": 0.993
  },
  "best10_mean": 92.551,
  "best10_f1_mean": 0.8984000000000002,
  "best10_auc_mean": 0.9933000000000002
}