{
  "epoch:39": {
    "acc: ": 91.96,
    "f1: ": 0.897,
    "auc: ": 0.99
  },
  "epoch:45": {
    "acc: ": 91.71,
    "f1: ": 0.893,
    "auc: ": 0.991
  },
  "epoch:46": {
    "acc: ": 91.63,
    "f1: ": 0.892,
    "auc: ": 0.991
  },
  "epoch:47": {
    "acc: ": 91.57,
    "f1: ": 0.892,
    "auc: ": 0.991
  },
  "epoch:42": {
    "acc: ": 91.5,
    "f1: ": 0.892,
    "auc: ": 0.991
  },
  "epoch:49": {
    "acc: ": 91.35,
    "f1: ": 0.89,
    "auc: ": 0.991
  },
  "epoch:48": {
    "acc: ": 91.2,
    "f1: ": 0.889,
    "auc: ": 0.991
  },
  "epoch:43": {
    "acc: ": 91.17,
    "f1: ": 0.887,
    "auc: ": 0.991
  },
  "epoch:37": {
    "acc: ": 91.09,
    "f1: ": 0.884,
    "auc: ": 0.991
  },
  "epoch:38": {
    "acc: ": 91.08,
    "f1: ": 0.883,
    "auc: ": 0.991
  },
  "best10_mean": 91.426,
  "best10_f1_mean": 0.8899000000000001,
  "best10_auc_mean": 0.9908999999999999
}