{
  "epoch:34": {
    "acc: ": 92.42,
    "f1: ": 0.898,
    "auc: ": 0.994
  },
  "epoch:41": {
    "acc: ": 91.73,
    "f1: ": 0.889,
    "auc: ": 0.993
  },
  "epoch:33": {
    "acc: ": 91.58,
    "f1: ": 0.889,
    "auc: ": 0.992
  },
  "epoch:43": {
    "acc: ": 91.5,
    "f1: ": 0.883,
    "auc: ": 0.992
  },
  "epoch:49": {
    "acc: ": 91.43,
    "f1: ": 0.885,
    "auc: ": 0.992
  },
  "epoch:35": {
    "acc: ": 91.41,
    "f1: ": 0.891,
    "auc: ": 0.992
  },
  "epoch:46": {
    "acc: ": 91.38,
    "f1: ": 0.883,
    "auc: ": 0.992
  },
  "epoch:37": {
    "acc: ": 91.36,
    "f1: ": 0.888,
    "auc: ": 0.992
  },
  "epoch:48": {
    "acc: ": 91.32,
    "f1: ": 0.884,
    "auc: ": 0.992
  },
  "epoch:40": {
    "acc: ": 91.24,
    "f1: ": 0.88,
    "auc: ": 0.992
  },
  "best10_mean": 91.537,
  "best10_f1_mean": 0.8870000000000001,
  "best10_auc_mean": 0.9923000000000002
}