{
  "epoch:40": {
    "acc: ": 92.07,
    "f1: ": 0.896,
    "auc: ": 0.995
  },
  "epoch:45": {
    "acc: ": 91.96,
    "f1: ": 0.892,
    "auc: ": 0.995
  },
  "epoch:46": {
    "acc: ": 91.88,
    "f1: ": 0.895,
    "auc: ": 0.995
  },
  "epoch:44": {
    "acc: ": 91.69,
    "f1: ": 0.89,
    "auc: ": 0.995
  },
  "epoch:48": {
    "acc: ": 91.57,
    "f1: ": 0.889,
    "auc: ": 0.995
  },
  "epoch:47": {
    "acc: ": 91.49,
    "f1: ": 0.888,
    "auc: ": 0.995
  },
  "epoch:49": {
    "acc: ": 91.44,
    "f1: ": 0.887,
    "auc: ": 0.995
  },
  "epoch:16": {
    "acc: ": 91.38,
    "f1: ": 0.889,
    "auc: ": 0.993
  },
  "epoch:39": {
    "acc: ": 91.27,
    "f1: ": 0.887,
    "auc: ": 0.994
  },
  "epoch:42": {
    "acc: ": 91.14,
    "f1: ": 0.883,
    "auc: ": 0.994
  },
  "best10_mean": 91.58899999999998,
  "best10_f1_mean": 0.8896000000000001,
  "best10_auc_mean": 0.9945999999999999
}