{
  "epoch:44": {
    "acc: ": 74.64,
    "f1: ": 0.748,
    "auc: ": 0.928
  },
  "epoch:47": {
    "acc: ": 74.36,
    "f1: ": 0.744,
    "auc: ": 0.928
  },
  "epoch:43": {
    "acc: ": 74.29,
    "f1: ": 0.745,
    "auc: ": 0.93
  },
  "epoch:49": {
    "acc: ": 74.18,
    "f1: ": 0.743,
    "auc: ": 0.929
  },
  "epoch:48": {
    "acc: ": 74.11,
    "f1: ": 0.742,
    "auc: ": 0.928
  },
  "epoch:46": {
    "acc: ": 73.86,
    "f1: ": 0.74,
    "auc: ": 0.927
  },
  "epoch:37": {
    "acc: ": 73.18,
    "f1: ": 0.73,
    "auc: ": 0.921
  },
  "epoch:45": {
    "acc: ": 73.11,
    "f1: ": 0.732,
    "auc: ": 0.923
  },
  "epoch:40": {
    "acc: ": 72.14,
    "f1: ": 0.717,
    "auc: ": 0.922
  },
  "epoch:42": {
    "acc: ": 71.64,
    "f1: ": 0.718,
    "auc: ": 0.922
  },
  "best10_mean": 73.55100000000002,
  "best10_f1_mean": 0.7359,
  "best10_auc_mean": 0.9258000000000001
}