{
  "epoch:37": {
    "acc: ": 92.07,
    "f1: ": 0.893,
    "auc: ": 0.99
  },
  "epoch:33": {
    "acc: ": 91.44,
    "f1: ": 0.873,
    "auc: ": 0.994
  },
  "epoch:48": {
    "acc: ": 91.41,
    "f1: ": 0.869,
    "auc: ": 0.991
  },
  "epoch:43": {
    "acc: ": 91.38,
    "f1: ": 0.871,
    "auc: ": 0.991
  },
  "epoch:41": {
    "acc: ": 91.3,
    "f1: ": 0.868,
    "auc: ": 0.991
  },
  "epoch:47": {
    "acc: ": 91.27,
    "f1: ": 0.869,
    "auc: ": 0.991
  },
  "epoch:45": {
    "acc: ": 91.25,
    "f1: ": 0.87,
    "auc: ": 0.991
  },
  "epoch:40": {
    "acc: ": 91.2,
    "f1: ": 0.867,
    "auc: ": 0.99
  },
  "epoch:34": {
    "acc: ": 91.17,
    "f1: ": 0.868,
    "auc: ": 0.989
  },
  "epoch:49": {
    "acc: ": 91.14,
    "f1: ": 0.866,
    "auc: ": 0.991
  },
  "best10_mean": 91.363,
  "best10_f1_mean": 0.8714000000000001,
  "best10_auc_mean": 0.9908999999999999
}