{
  "epoch:44": {
    "acc: ": 91.41,
    "f1: ": 0.886,
    "auc: ": 0.993
  },
  "epoch:43": {
    "acc: ": 91.05,
    "f1: ": 0.882,
    "auc: ": 0.993
  },
  "epoch:47": {
    "acc: ": 90.7,
    "f1: ": 0.876,
    "auc: ": 0.992
  },
  "epoch:49": {
    "acc: ": 90.59,
    "f1: ": 0.874,
    "auc: ": 0.992
  },
  "epoch:48": {
    "acc: ": 90.54,
    "f1: ": 0.874,
    "auc: ": 0.992
  },
  "epoch:46": {
    "acc: ": 90.42,
    "f1: ": 0.873,
    "auc: ": 0.992
  },
  "epoch:38": {
    "acc: ": 90.4,
    "f1: ": 0.875,
    "auc: ": 0.992
  },
  "epoch:45": {
    "acc: ": 90.23,
    "f1: ": 0.87,
    "auc: ": 0.992
  },
  "epoch:41": {
    "acc: ": 90.1,
    "f1: ": 0.871,
    "auc: ": 0.991
  },
  "epoch:40": {
    "acc: ": 89.4,
    "f1: ": 0.862,
    "auc: ": 0.991
  },
  "best10_mean": 90.48400000000001,
  "best10_f1_mean": 0.8743000000000001,
  "best10_auc_mean": 0.992
}