{
  "epoch:35": {
    "acc: ": 90.9,
    "f1: ": 0.878,
    "auc: ": 0.99
  },
  "epoch:49": {
    "acc: ": 90.15,
    "f1: ": 0.874,
    "auc: ": 0.989
  },
  "epoch:48": {
    "acc: ": 90.04,
    "f1: ": 0.872,
    "auc: ": 0.989
  },
  "epoch:44": {
    "acc: ": 89.93,
    "f1: ": 0.873,
    "auc: ": 0.988
  },
  "epoch:46": {
    "acc: ": 89.82,
    "f1: ": 0.869,
    "auc: ": 0.989
  },
  "epoch:47": {
    "acc: ": 89.59,
    "f1: ": 0.865,
    "auc: ": 0.989
  },
  "epoch:36": {
    "acc: ": 89.39,
    "f1: ": 0.866,
    "auc: ": 0.989
  },
  "epoch:40": {
    "acc: ": 89.39,
    "f1: ": 0.855,
    "auc: ": 0.989
  },
  "epoch:41": {
    "acc: ": 89.39,
    "f1: ": 0.865,
    "auc: ": 0.988
  },
  "epoch:42": {
    "acc: ": 89.31,
    "f1: ": 0.864,
    "auc: ": 0.988
  },
  "best10_mean": 89.79100000000001,
  "best10_f1_mean": 0.8681000000000001,
  "best10_auc_mean": 0.9888
}