{
  "epoch:42": {
    "acc: ": 90.12,
    "f1: ": 0.872,
    "auc: ": 0.989
  },
  "epoch:35": {
    "acc: ": 89.42,
    "f1: ": 0.851,
    "auc: ": 0.987
  },
  "epoch:43": {
    "acc: ": 89.2,
    "f1: ": 0.861,
    "auc: ": 0.988
  },
  "epoch:39": {
    "acc: ": 88.87,
    "f1: ": 0.855,
    "auc: ": 0.988
  },
  "epoch:27": {
    "acc: ": 88.66,
    "f1: ": 0.86,
    "auc: ": 0.989
  },
  "epoch:45": {
    "acc: ": 88.66,
    "f1: ": 0.855,
    "auc: ": 0.986
  },
  "epoch:46": {
    "acc: ": 88.63,
    "f1: ": 0.851,
    "auc: ": 0.987
  },
  "epoch:44": {
    "acc: ": 88.58,
    "f1: ": 0.853,
    "auc: ": 0.987
  },
  "epoch:40": {
    "acc: ": 88.54,
    "f1: ": 0.85,
    "auc: ": 0.988
  },
  "epoch:23": {
    "acc: ": 88.52,
    "f1: ": 0.846,
    "auc: ": 0.988
  },
  "best10_mean": 88.91999999999999,
  "best10_f1_mean": 0.8553999999999998,
  "best10_auc_mean": 0.9876999999999999
}