{
  "epoch:37": {
    "acc: ": 91.6,
    "f1: ": 0.884,
    "auc: ": 0.992
  },
  "epoch:36": {
    "acc: ": 91.3,
    "f1: ": 0.879,
    "auc: ": 0.992
  },
  "epoch:42": {
    "acc: ": 91.2,
    "f1: ": 0.875,
    "auc: ": 0.992
  },
  "epoch:47": {
    "acc: ": 91.19,
    "f1: ": 0.879,
    "auc: ": 0.993
  },
  "epoch:48": {
    "acc: ": 91.09,
    "f1: ": 0.878,
    "auc: ": 0.992
  },
  "epoch:43": {
    "acc: ": 91.06,
    "f1: ": 0.874,
    "auc: ": 0.991
  },
  "epoch:26": {
    "acc: ": 91.02,
    "f1: ": 0.881,
    "auc: ": 0.993
  },
  "epoch:49": {
    "acc: ": 91.0,
    "f1: ": 0.877,
    "auc: ": 0.992
  },
  "epoch:46": {
    "acc: ": 90.95,
    "f1: ": 0.876,
    "auc: ": 0.992
  },
  "epoch:40": {
    "acc: ": 90.84,
    "f1: ": 0.877,
    "auc: ": 0.991
  },
  "best10_mean": 91.12500000000001,
  "best10_f1_mean": 0.8779999999999999,
  "best10_auc_mean": 0.992
}