{
  "epoch:37": {
    "acc: ": 91.38,
    "f1: ": 0.882,
    "auc: ": 0.992
  },
  "epoch:40": {
    "acc: ": 91.35,
    "f1: ": 0.878,
    "auc: ": 0.991
  },
  "epoch:46": {
    "acc: ": 91.02,
    "f1: ": 0.874,
    "auc: ": 0.991
  },
  "epoch:33": {
    "acc: ": 90.98,
    "f1: ": 0.872,
    "auc: ": 0.991
  },
  "epoch:47": {
    "acc: ": 90.95,
    "f1: ": 0.875,
    "auc: ": 0.99
  },
  "epoch:48": {
    "acc: ": 90.89,
    "f1: ": 0.874,
    "auc: ": 0.99
  },
  "epoch:21": {
    "acc: ": 90.75,
    "f1: ": 0.87,
    "auc: ": 0.99
  },
  "epoch:43": {
    "acc: ": 90.68,
    "f1: ": 0.871,
    "auc: ": 0.99
  },
  "epoch:39": {
    "acc: ": 90.65,
    "f1: ": 0.874,
    "auc: ": 0.99
  },
  "epoch:49": {
    "acc: ": 90.65,
    "f1: ": 0.871,
    "auc: ": 0.99
  },
  "best10_mean": 90.92999999999999,
  "best10_f1_mean": 0.8741,
  "best10_auc_mean": 0.9905000000000002
}