{
  "epoch:45": {
    "acc: ": 92.07,
    "f1: ": 0.894,
    "auc: ": 0.994
  },
  "epoch:28": {
    "acc: ": 91.9,
    "f1: ": 0.899,
    "auc: ": 0.995
  },
  "epoch:39": {
    "acc: ": 91.77,
    "f1: ": 0.883,
    "auc: ": 0.992
  },
  "epoch:48": {
    "acc: ": 91.5,
    "f1: ": 0.884,
    "auc: ": 0.993
  },
  "epoch:46": {
    "acc: ": 91.39,
    "f1: ": 0.885,
    "auc: ": 0.993
  },
  "epoch:21": {
    "acc: ": 91.24,
    "f1: ": 0.88,
    "auc: ": 0.993
  },
  "epoch:49": {
    "acc: ": 91.14,
    "f1: ": 0.88,
    "auc: ": 0.992
  },
  "epoch:38": {
    "acc: ": 91.09,
    "f1: ": 0.882,
    "auc: ": 0.992
  },
  "epoch:44": {
    "acc: ": 91.06,
    "f1: ": 0.881,
    "auc: ": 0.992
  },
  "epoch:47": {
    "acc: ": 90.97,
    "f1: ": 0.879,
    "auc: ": 0.992
  },
  "best10_mean": 91.41300000000001,
  "best10_f1_mean": 0.8846999999999999,
  "best10_auc_mean": 0.9928000000000001
}