{
  "epoch:40": {
    "acc: ": 93.32,
    "f1: ": 0.907,
    "auc: ": 0.993
  },
  "epoch:43": {
    "acc: ": 92.52,
    "f1: ": 0.9,
    "auc: ": 0.993
  },
  "epoch:44": {
    "acc: ": 92.03,
    "f1: ": 0.891,
    "auc: ": 0.992
  },
  "epoch:47": {
    "acc: ": 91.96,
    "f1: ": 0.892,
    "auc: ": 0.991
  },
  "epoch:48": {
    "acc: ": 91.92,
    "f1: ": 0.892,
    "auc: ": 0.991
  },
  "epoch:49": {
    "acc: ": 91.82,
    "f1: ": 0.891,
    "auc: ": 0.991
  },
  "epoch:42": {
    "acc: ": 91.66,
    "f1: ": 0.891,
    "auc: ": 0.99
  },
  "epoch:45": {
    "acc: ": 91.63,
    "f1: ": 0.89,
    "auc: ": 0.991
  },
  "epoch:46": {
    "acc: ": 91.52,
    "f1: ": 0.888,
    "auc: ": 0.991
  },
  "epoch:41": {
    "acc: ": 91.08,
    "f1: ": 0.883,
    "auc: ": 0.99
  },
  "best10_mean": 91.946,
  "best10_f1_mean": 0.8925000000000001,
  "best10_auc_mean": 0.9913000000000001
}