{
  "epoch:41": {
    "acc: ": 91.65,
    "f1: ": 0.886,
    "auc: ": 0.991
  },
  "epoch:39": {
    "acc: ": 91.47,
    "f1: ": 0.881,
    "auc: ": 0.991
  },
  "epoch:45": {
    "acc: ": 90.95,
    "f1: ": 0.879,
    "auc: ": 0.99
  },
  "epoch:48": {
    "acc: ": 90.92,
    "f1: ": 0.877,
    "auc: ": 0.991
  },
  "epoch:47": {
    "acc: ": 90.81,
    "f1: ": 0.876,
    "auc: ": 0.991
  },
  "epoch:42": {
    "acc: ": 90.68,
    "f1: ": 0.875,
    "auc: ": 0.99
  },
  "epoch:46": {
    "acc: ": 90.53,
    "f1: ": 0.873,
    "auc: ": 0.99
  },
  "epoch:49": {
    "acc: ": 90.53,
    "f1: ": 0.874,
    "auc: ": 0.99
  },
  "epoch:43": {
    "acc: ": 90.4,
    "f1: ": 0.874,
    "auc: ": 0.99
  },
  "epoch:31": {
    "acc: ": 90.38,
    "f1: ": 0.867,
    "auc: ": 0.989
  },
  "best10_mean": 90.832,
  "best10_f1_mean": 0.8762000000000001,
  "best10_auc_mean": 0.9903000000000001
}