{
  "epoch:38": {
    "acc: ": 94.57,
    "f1: ": 0.927,
    "auc: ": 0.996
  },
  "epoch:46": {
    "acc: ": 94.05,
    "f1: ": 0.92,
    "auc: ": 0.995
  },
  "epoch:39": {
    "acc: ": 93.98,
    "f1: ": 0.921,
    "auc: ": 0.995
  },
  "epoch:49": {
    "acc: ": 93.92,
    "f1: ": 0.918,
    "auc: ": 0.995
  },
  "epoch:47": {
    "acc: ": 93.9,
    "f1: ": 0.918,
    "auc: ": 0.995
  },
  "epoch:36": {
    "acc: ": 93.86,
    "f1: ": 0.916,
    "auc: ": 0.995
  },
  "epoch:42": {
    "acc: ": 93.79,
    "f1: ": 0.917,
    "auc: ": 0.995
  },
  "epoch:33": {
    "acc: ": 93.75,
    "f1: ": 0.912,
    "auc: ": 0.995
  },
  "epoch:48": {
    "acc: ": 93.68,
    "f1: ": 0.915,
    "auc: ": 0.995
  },
  "epoch:45": {
    "acc: ": 93.65,
    "f1: ": 0.914,
    "auc: ": 0.995
  },
  "best10_mean": 93.91499999999999,
  "best10_f1_mean": 0.9178,
  "best10_auc_mean": 0.9950999999999999
}