{
  "epoch:38": {
    "acc: ": 91.66,
    "f1: ": 0.886,
    "auc: ": 0.989
  },
  "epoch:34": {
    "acc: ": 91.32,
    "f1: ": 0.882,
    "auc: ": 0.989
  },
  "epoch:46": {
    "acc: ": 91.11,
    "f1: ": 0.883,
    "auc: ": 0.988
  },
  "epoch:33": {
    "acc: ": 91.09,
    "f1: ": 0.88,
    "auc: ": 0.988
  },
  "epoch:42": {
    "acc: ": 91.0,
    "f1: ": 0.878,
    "auc: ": 0.988
  },
  "epoch:29": {
    "acc: ": 90.98,
    "f1: ": 0.874,
    "auc: ": 0.99
  },
  "epoch:40": {
    "acc: ": 90.97,
    "f1: ": 0.878,
    "auc: ": 0.986
  },
  "epoch:41": {
    "acc: ": 90.84,
    "f1: ": 0.876,
    "auc: ": 0.986
  },
  "epoch:47": {
    "acc: ": 90.84,
    "f1: ": 0.88,
    "auc: ": 0.988
  },
  "epoch:49": {
    "acc: ": 90.84,
    "f1: ": 0.879,
    "auc: ": 0.988
  },
  "best10_mean": 91.06500000000001,
  "best10_f1_mean": 0.8795999999999999,
  "best10_auc_mean": 0.9879999999999999
}