{
  "epoch:39": {
    "acc: ": 94.52,
    "f1: ": 0.929,
    "auc: ": 0.996
  },
  "epoch:40": {
    "acc: ": 94.06,
    "f1: ": 0.921,
    "auc: ": 0.996
  },
  "epoch:46": {
    "acc: ": 94.03,
    "f1: ": 0.928,
    "auc: ": 0.996
  },
  "epoch:48": {
    "acc: ": 94.03,
    "f1: ": 0.926,
    "auc: ": 0.996
  },
  "epoch:49": {
    "acc: ": 94.0,
    "f1: ": 0.926,
    "auc: ": 0.996
  },
  "epoch:47": {
    "acc: ": 93.95,
    "f1: ": 0.926,
    "auc: ": 0.996
  },
  "epoch:42": {
    "acc: ": 93.92,
    "f1: ": 0.921,
    "auc: ": 0.996
  },
  "epoch:41": {
    "acc: ": 93.83,
    "f1: ": 0.921,
    "auc: ": 0.995
  },
  "epoch:38": {
    "acc: ": 93.75,
    "f1: ": 0.918,
    "auc: ": 0.995
  },
  "epoch:43": {
    "acc: ": 93.75,
    "f1: ": 0.927,
    "auc: ": 0.997
  },
  "best10_mean": 93.98400000000001,
  "best10_f1_mean": 0.9243,
  "best10_auc_mean": 0.9959000000000001
}