{
  "epoch:40": {
    "acc: ": 94.55,
    "f1: ": 0.927,
    "auc: ": 0.997
  },
  "epoch:46": {
    "acc: ": 94.36,
    "f1: ": 0.921,
    "auc: ": 0.996
  },
  "epoch:48": {
    "acc: ": 94.35,
    "f1: ": 0.921,
    "auc: ": 0.996
  },
  "epoch:47": {
    "acc: ": 94.27,
    "f1: ": 0.92,
    "auc: ": 0.996
  },
  "epoch:49": {
    "acc: ": 94.22,
    "f1: ": 0.92,
    "auc: ": 0.996
  },
  "epoch:44": {
    "acc: ": 94.06,
    "f1: ": 0.917,
    "auc: ": 0.996
  },
  "epoch:38": {
    "acc: ": 93.92,
    "f1: ": 0.919,
    "auc: ": 0.996
  },
  "epoch:43": {
    "acc: ": 93.92,
    "f1: ": 0.915,
    "auc: ": 0.994
  },
  "epoch:45": {
    "acc: ": 93.9,
    "f1: ": 0.916,
    "auc: ": 0.996
  },
  "epoch:42": {
    "acc: ": 93.86,
    "f1: ": 0.918,
    "auc: ": 0.996
  },
  "best10_mean": 94.14099999999999,
  "best10_f1_mean": 0.9193999999999999,
  "best10_auc_mean": 0.9959000000000001
}