{
  "epoch:27": {
    "acc: ": 90.86,
    "f1: ": 0.878,
    "auc: ": 0.991
  },
  "epoch:38": {
    "acc: ": 90.54,
    "f1: ": 0.878,
    "auc: ": 0.989
  },
  "epoch:30": {
    "acc: ": 90.42,
    "f1: ": 0.873,
    "auc: ": 0.989
  },
  "epoch:46": {
    "acc: ": 90.0,
    "f1: ": 0.872,
    "auc: ": 0.987
  },
  "epoch:47": {
    "acc: ": 90.0,
    "f1: ": 0.871,
    "auc: ": 0.987
  },
  "epoch:45": {
    "acc: ": 89.94,
    "f1: ": 0.873,
    "auc: ": 0.987
  },
  "epoch:44": {
    "acc: ": 89.93,
    "f1: ": 0.875,
    "auc: ": 0.987
  },
  "epoch:48": {
    "acc: ": 89.85,
    "f1: ": 0.869,
    "auc: ": 0.986
  },
  "epoch:49": {
    "acc: ": 89.8,
    "f1: ": 0.869,
    "auc: ": 0.987
  },
  "epoch:41": {
    "acc: ": 89.78,
    "f1: ": 0.867,
    "auc: ": 0.988
  },
  "best10_mean": 90.112,
  "best10_f1_mean": 0.8724999999999999,
  "best10_auc_mean": 0.9877999999999998
}