{
  "epoch:46": {
    "acc: ": 92.5,
    "f1: ": 0.898,
    "auc: ": 0.992
  },
  "epoch:45": {
    "acc: ": 92.29,
    "f1: ": 0.897,
    "auc: ": 0.993
  },
  "epoch:44": {
    "acc: ": 92.15,
    "f1: ": 0.895,
    "auc: ": 0.992
  },
  "epoch:47": {
    "acc: ": 92.1,
    "f1: ": 0.894,
    "auc: ": 0.992
  },
  "epoch:49": {
    "acc: ": 92.07,
    "f1: ": 0.893,
    "auc: ": 0.992
  },
  "epoch:36": {
    "acc: ": 91.99,
    "f1: ": 0.896,
    "auc: ": 0.992
  },
  "epoch:39": {
    "acc: ": 91.96,
    "f1: ": 0.893,
    "auc: ": 0.99
  },
  "epoch:48": {
    "acc: ": 91.85,
    "f1: ": 0.891,
    "auc: ": 0.992
  },
  "epoch:41": {
    "acc: ": 91.74,
    "f1: ": 0.888,
    "auc: ": 0.991
  },
  "epoch:40": {
    "acc: ": 91.68,
    "f1: ": 0.89,
    "auc: ": 0.989
  },
  "best10_mean": 92.03300000000002,
  "best10_f1_mean": 0.8935000000000001,
  "best10_auc_mean": 0.9915
}