{
  "epoch:37": {
    "acc: ": 94.03,
    "f1: ": 0.917,
    "auc: ": 0.996
  },
  "epoch:38": {
    "acc: ": 93.97,
    "f1: ": 0.921,
    "auc: ": 0.996
  },
  "epoch:47": {
    "acc: ": 93.9,
    "f1: ": 0.921,
    "auc: ": 0.996
  },
  "epoch:39": {
    "acc: ": 93.83,
    "f1: ": 0.922,
    "auc: ": 0.996
  },
  "epoch:46": {
    "acc: ": 93.81,
    "f1: ": 0.918,
    "auc: ": 0.996
  },
  "epoch:49": {
    "acc: ": 93.7,
    "f1: ": 0.919,
    "auc: ": 0.996
  },
  "epoch:45": {
    "acc: ": 93.64,
    "f1: ": 0.918,
    "auc: ": 0.996
  },
  "epoch:48": {
    "acc: ": 93.64,
    "f1: ": 0.918,
    "auc: ": 0.996
  },
  "epoch:41": {
    "acc: ": 93.6,
    "f1: ": 0.913,
    "auc: ": 0.995
  },
  "epoch:34": {
    "acc: ": 93.56,
    "f1: ": 0.916,
    "auc: ": 0.996
  },
  "best10_mean": 93.768,
  "best10_f1_mean": 0.9183000000000001,
  "best10_auc_mean": 0.9959000000000001
}