{
  "epoch:31": {
    "acc: ": 93.26,
    "f1: ": 0.914,
    "auc: ": 0.993
  },
  "epoch:32": {
    "acc: ": 93.21,
    "f1: ": 0.911,
    "auc: ": 0.995
  },
  "epoch:29": {
    "acc: ": 92.85,
    "f1: ": 0.908,
    "auc: ": 0.993
  },
  "epoch:10": {
    "acc: ": 92.59,
    "f1: ": 0.897,
    "auc: ": 0.99
  },
  "epoch:25": {
    "acc: ": 92.45,
    "f1: ": 0.89,
    "auc: ": 0.993
  },
  "epoch:38": {
    "acc: ": 92.45,
    "f1: ": 0.906,
    "auc: ": 0.992
  },
  "epoch:27": {
    "acc: ": 92.15,
    "f1: ": 0.897,
    "auc: ": 0.991
  },
  "epoch:23": {
    "acc: ": 91.92,
    "f1: ": 0.893,
    "auc: ": 0.996
  },
  "epoch:28": {
    "acc: ": 91.6,
    "f1: ": 0.893,
    "auc: ": 0.992
  },
  "epoch:17": {
    "acc: ": 91.54,
    "f1: ": 0.889,
    "auc: ": 0.993
  },
  "best10_mean": 92.40199999999999,
  "best10_f1_mean": 0.8997999999999999,
  "best10_auc_mean": 0.9927999999999999
}