{
  "epoch:39": {
    "acc: ": 94.63,
    "f1: ": 0.927,
    "auc: ": 0.996
  },
  "epoch:43": {
    "acc: ": 94.24,
    "f1: ": 0.923,
    "auc: ": 0.996
  },
  "epoch:36": {
    "acc: ": 94.16,
    "f1: ": 0.923,
    "auc: ": 0.997
  },
  "epoch:38": {
    "acc: ": 94.11,
    "f1: ": 0.92,
    "auc: ": 0.996
  },
  "epoch:29": {
    "acc: ": 94.08,
    "f1: ": 0.921,
    "auc: ": 0.996
  },
  "epoch:35": {
    "acc: ": 93.92,
    "f1: ": 0.919,
    "auc: ": 0.996
  },
  "epoch:40": {
    "acc: ": 93.56,
    "f1: ": 0.91,
    "auc: ": 0.995
  },
  "epoch:47": {
    "acc: ": 93.56,
    "f1: ": 0.913,
    "auc: ": 0.996
  },
  "epoch:48": {
    "acc: ": 93.54,
    "f1: ": 0.913,
    "auc: ": 0.996
  },
  "epoch:49": {
    "acc: ": 93.51,
    "f1: ": 0.912,
    "auc: ": 0.996
  },
  "best10_mean": 93.931,
  "best10_f1_mean": 0.9181000000000001,
  "best10_auc_mean": 0.9960000000000001
}