{
  "epoch:47": {
    "acc: ": 92.59,
    "f1: ": 0.899,
    "auc: ": 0.995
  },
  "epoch:44": {
    "acc: ": 92.45,
    "f1: ": 0.897,
    "auc: ": 0.995
  },
  "epoch:43": {
    "acc: ": 92.31,
    "f1: ": 0.894,
    "auc: ": 0.995
  },
  "epoch:38": {
    "acc: ": 92.25,
    "f1: ": 0.898,
    "auc: ": 0.995
  },
  "epoch:45": {
    "acc: ": 92.17,
    "f1: ": 0.893,
    "auc: ": 0.994
  },
  "epoch:42": {
    "acc: ": 92.15,
    "f1: ": 0.895,
    "auc: ": 0.994
  },
  "epoch:41": {
    "acc: ": 92.14,
    "f1: ": 0.891,
    "auc: ": 0.994
  },
  "epoch:49": {
    "acc: ": 92.04,
    "f1: ": 0.892,
    "auc: ": 0.995
  },
  "epoch:39": {
    "acc: ": 91.98,
    "f1: ": 0.891,
    "auc: ": 0.994
  },
  "epoch:48": {
    "acc: ": 91.98,
    "f1: ": 0.891,
    "auc: ": 0.995
  },
  "best10_mean": 92.206,
  "best10_f1_mean": 0.8941000000000001,
  "best10_auc_mean": 0.9945999999999999
}