{
  "epoch:33": {
    "acc: ": 93.12,
    "f1: ": 0.907,
    "auc: ": 0.996
  },
  "epoch:31": {
    "acc: ": 93.08,
    "f1: ": 0.907,
    "auc: ": 0.995
  },
  "epoch:45": {
    "acc: ": 92.72,
    "f1: ": 0.902,
    "auc: ": 0.995
  },
  "epoch:42": {
    "acc: ": 92.67,
    "f1: ": 0.905,
    "auc: ": 0.994
  },
  "epoch:47": {
    "acc: ": 92.48,
    "f1: ": 0.897,
    "auc: ": 0.995
  },
  "epoch:46": {
    "acc: ": 92.39,
    "f1: ": 0.897,
    "auc: ": 0.995
  },
  "epoch:49": {
    "acc: ": 92.39,
    "f1: ": 0.897,
    "auc: ": 0.995
  },
  "epoch:37": {
    "acc: ": 92.23,
    "f1: ": 0.891,
    "auc: ": 0.994
  },
  "epoch:48": {
    "acc: ": 92.23,
    "f1: ": 0.895,
    "auc: ": 0.995
  },
  "epoch:35": {
    "acc: ": 92.22,
    "f1: ": 0.897,
    "auc: ": 0.994
  },
  "best10_mean": 92.55300000000001,
  "best10_f1_mean": 0.8995000000000001,
  "best10_auc_mean": 0.9948
}