{
  "epoch:47": {
    "acc: ": 89.5,
    "f1: ": 0.841,
    "auc: ": 0.987
  },
  "epoch:48": {
    "acc: ": 89.42,
    "f1: ": 0.84,
    "auc: ": 0.987
  },
  "epoch:32": {
    "acc: ": 89.4,
    "f1: ": 0.838,
    "auc: ": 0.986
  },
  "epoch:43": {
    "acc: ": 89.4,
    "f1: ": 0.842,
    "auc: ": 0.986
  },
  "epoch:49": {
    "acc: ": 89.37,
    "f1: ": 0.839,
    "auc: ": 0.987
  },
  "epoch:37": {
    "acc: ": 89.23,
    "f1: ": 0.837,
    "auc: ": 0.985
  },
  "epoch:45": {
    "acc: ": 88.96,
    "f1: ": 0.835,
    "auc: ": 0.986
  },
  "epoch:40": {
    "acc: ": 88.92,
    "f1: ": 0.834,
    "auc: ": 0.987
  },
  "epoch:44": {
    "acc: ": 88.88,
    "f1: ": 0.835,
    "auc: ": 0.987
  },
  "epoch:29": {
    "acc: ": 88.73,
    "f1: ": 0.83,
    "auc: ": 0.987
  },
  "best10_mean": 89.18100000000001,
  "best10_f1_mean": 0.8370999999999998,
  "best10_auc_mean": 0.9865
}