{
  "epoch:47": {
    "acc: ": 90.65,
    "f1: ": 0.883,
    "auc: ": 0.99
  },
  "epoch:43": {
    "acc: ": 90.16,
    "f1: ": 0.88,
    "auc: ": 0.99
  },
  "epoch:32": {
    "acc: ": 90.15,
    "f1: ": 0.875,
    "auc: ": 0.989
  },
  "epoch:49": {
    "acc: ": 90.04,
    "f1: ": 0.878,
    "auc: ": 0.989
  },
  "epoch:46": {
    "acc: ": 89.99,
    "f1: ": 0.877,
    "auc: ": 0.99
  },
  "epoch:45": {
    "acc: ": 89.91,
    "f1: ": 0.875,
    "auc: ": 0.99
  },
  "epoch:42": {
    "acc: ": 89.85,
    "f1: ": 0.874,
    "auc: ": 0.989
  },
  "epoch:48": {
    "acc: ": 89.82,
    "f1: ": 0.875,
    "auc: ": 0.989
  },
  "epoch:44": {
    "acc: ": 89.77,
    "f1: ": 0.875,
    "auc: ": 0.99
  },
  "epoch:37": {
    "acc: ": 89.45,
    "f1: ": 0.872,
    "auc: ": 0.988
  },
  "best10_mean": 89.97900000000001,
  "best10_f1_mean": 0.8764,
  "best10_auc_mean": 0.9893999999999998
}