{
  "epoch:41": {
    "acc: ": 87.27,
    "f1: ": 0.825,
    "auc: ": 0.987
  },
  "epoch:47": {
    "acc: ": 86.61,
    "f1: ": 0.815,
    "auc: ": 0.987
  },
  "epoch:46": {
    "acc: ": 86.45,
    "f1: ": 0.814,
    "auc: ": 0.988
  },
  "epoch:48": {
    "acc: ": 86.25,
    "f1: ": 0.81,
    "auc: ": 0.987
  },
  "epoch:49": {
    "acc: ": 86.07,
    "f1: ": 0.809,
    "auc: ": 0.987
  },
  "epoch:42": {
    "acc: ": 85.24,
    "f1: ": 0.797,
    "auc: ": 0.986
  },
  "epoch:44": {
    "acc: ": 85.19,
    "f1: ": 0.801,
    "auc: ": 0.985
  },
  "epoch:45": {
    "acc: ": 84.9,
    "f1: ": 0.797,
    "auc: ": 0.986
  },
  "epoch:34": {
    "acc: ": 84.89,
    "f1: ": 0.804,
    "auc: ": 0.984
  },
  "epoch:40": {
    "acc: ": 84.79,
    "f1: ": 0.805,
    "auc: ": 0.985
  },
  "best10_mean": 85.76599999999999,
  "best10_f1_mean": 0.8077,
  "best10_auc_mean": 0.9861999999999999
}