{
  "epoch:33": {
    "acc: ": 92.1,
    "f1: ": 0.888,
    "auc: ": 0.992
  },
  "epoch:37": {
    "acc: ": 92.03,
    "f1: ": 0.886,
    "auc: ": 0.992
  },
  "epoch:35": {
    "acc: ": 91.87,
    "f1: ": 0.893,
    "auc: ": 0.991
  },
  "epoch:48": {
    "acc: ": 91.8,
    "f1: ": 0.891,
    "auc: ": 0.991
  },
  "epoch:49": {
    "acc: ": 91.77,
    "f1: ": 0.89,
    "auc: ": 0.991
  },
  "epoch:47": {
    "acc: ": 91.73,
    "f1: ": 0.89,
    "auc: ": 0.991
  },
  "epoch:42": {
    "acc: ": 91.69,
    "f1: ": 0.888,
    "auc: ": 0.99
  },
  "epoch:46": {
    "acc: ": 91.6,
    "f1: ": 0.889,
    "auc: ": 0.991
  },
  "epoch:34": {
    "acc: ": 91.44,
    "f1: ": 0.884,
    "auc: ": 0.993
  },
  "epoch:43": {
    "acc: ": 91.35,
    "f1: ": 0.884,
    "auc: ": 0.992
  },
  "best10_mean": 91.738,
  "best10_f1_mean": 0.8882999999999999,
  "best10_auc_mean": 0.9913999999999998
}