{
  "epoch:43": {
    "acc: ": 95.01,
    "f1: ": 0.931,
    "auc: ": 0.996
  },
  "epoch:45": {
    "acc: ": 94.9,
    "f1: ": 0.929,
    "auc: ": 0.997
  },
  "epoch:44": {
    "acc: ": 94.85,
    "f1: ": 0.929,
    "auc: ": 0.996
  },
  "epoch:48": {
    "acc: ": 94.85,
    "f1: ": 0.929,
    "auc: ": 0.996
  },
  "epoch:49": {
    "acc: ": 94.8,
    "f1: ": 0.929,
    "auc: ": 0.996
  },
  "epoch:42": {
    "acc: ": 94.73,
    "f1: ": 0.926,
    "auc: ": 0.996
  },
  "epoch:41": {
    "acc: ": 94.71,
    "f1: ": 0.926,
    "auc: ": 0.996
  },
  "epoch:47": {
    "acc: ": 94.62,
    "f1: ": 0.927,
    "auc: ": 0.996
  },
  "epoch:46": {
    "acc: ": 94.46,
    "f1: ": 0.925,
    "auc: ": 0.996
  },
  "epoch:40": {
    "acc: ": 94.43,
    "f1: ": 0.923,
    "auc: ": 0.996
  },
  "best10_mean": 94.73600000000002,
  "best10_f1_mean": 0.9274000000000001,
  "best10_auc_mean": 0.9961000000000002
}