{
  "epoch:19": {
    "acc: ": 89.17,
    "f1: ": 0.849,
    "auc: ": 0.968
  },
  "epoch:38": {
    "acc: ": 86.62,
    "f1: ": 0.814,
    "auc: ": 0.951
  },
  "epoch:30": {
    "acc: ": 86.54,
    "f1: ": 0.814,
    "auc: ": 0.959
  },
  "epoch:27": {
    "acc: ": 86.49,
    "f1: ": 0.809,
    "auc: ": 0.945
  },
  "epoch:31": {
    "acc: ": 86.44,
    "f1: ": 0.812,
    "auc: ": 0.952
  },
  "epoch:10": {
    "acc: ": 86.33,
    "f1: ": 0.814,
    "auc: ": 0.947
  },
  "epoch:39": {
    "acc: ": 86.05,
    "f1: ": 0.809,
    "auc: ": 0.948
  },
  "epoch:40": {
    "acc: ": 85.75,
    "f1: ": 0.808,
    "auc: ": 0.951
  },
  "epoch:33": {
    "acc: ": 85.51,
    "f1: ": 0.808,
    "auc: ": 0.965
  },
  "epoch:16": {
    "acc: ": 85.31,
    "f1: ": 0.803,
    "auc: ": 0.957
  },
  "best10_mean": 86.421,
  "best10_f1_mean": 0.8140000000000001,
  "best10_auc_mean": 0.9543000000000001
}