{
  "epoch:34": {
    "acc: ": 90.04,
    "f1: ": 0.865,
    "auc: ": 0.986
  },
  "epoch:39": {
    "acc: ": 89.5,
    "f1: ": 0.865,
    "auc: ": 0.986
  },
  "epoch:33": {
    "acc: ": 88.68,
    "f1: ": 0.847,
    "auc: ": 0.988
  },
  "epoch:45": {
    "acc: ": 88.68,
    "f1: ": 0.857,
    "auc: ": 0.985
  },
  "epoch:43": {
    "acc: ": 88.46,
    "f1: ": 0.857,
    "auc: ": 0.984
  },
  "epoch:46": {
    "acc: ": 88.3,
    "f1: ": 0.85,
    "auc: ": 0.985
  },
  "epoch:30": {
    "acc: ": 88.22,
    "f1: ": 0.846,
    "auc: ": 0.984
  },
  "epoch:27": {
    "acc: ": 88.16,
    "f1: ": 0.831,
    "auc: ": 0.985
  },
  "epoch:44": {
    "acc: ": 87.98,
    "f1: ": 0.851,
    "auc: ": 0.982
  },
  "epoch:32": {
    "acc: ": 87.95,
    "f1: ": 0.843,
    "auc: ": 0.98
  },
  "best10_mean": 88.59700000000001,
  "best10_f1_mean": 0.8512000000000001,
  "best10_auc_mean": 0.9845
}