{
  "epoch:42": {
    "acc: ": 91.65,
    "f1: ": 0.89,
    "auc: ": 0.991
  },
  "epoch:41": {
    "acc: ": 91.22,
    "f1: ": 0.885,
    "auc: ": 0.989
  },
  "epoch:26": {
    "acc: ": 91.05,
    "f1: ": 0.883,
    "auc: ": 0.99
  },
  "epoch:39": {
    "acc: ": 90.94,
    "f1: ": 0.879,
    "auc: ": 0.99
  },
  "epoch:43": {
    "acc: ": 90.86,
    "f1: ": 0.881,
    "auc: ": 0.99
  },
  "epoch:38": {
    "acc: ": 90.78,
    "f1: ": 0.883,
    "auc: ": 0.988
  },
  "epoch:46": {
    "acc: ": 90.78,
    "f1: ": 0.879,
    "auc: ": 0.99
  },
  "epoch:23": {
    "acc: ": 90.72,
    "f1: ": 0.879,
    "auc: ": 0.991
  },
  "epoch:45": {
    "acc: ": 90.54,
    "f1: ": 0.878,
    "auc: ": 0.989
  },
  "epoch:49": {
    "acc: ": 90.49,
    "f1: ": 0.876,
    "auc: ": 0.989
  },
  "best10_mean": 90.90299999999999,
  "best10_f1_mean": 0.8812999999999999,
  "best10_auc_mean": 0.9897000000000002
}