{
  "epoch:10": {
    "acc: ": 74.48,
    "f1: ": 0.698,
    "auc: ": 0.919
  },
  "epoch:19": {
    "acc: ": 74.04,
    "f1: ": 0.689,
    "auc: ": 0.933
  },
  "epoch:21": {
    "acc: ": 72.57,
    "f1: ": 0.667,
    "auc: ": 0.926
  },
  "epoch:22": {
    "acc: ": 70.85,
    "f1: ": 0.653,
    "auc: ": 0.924
  },
  "epoch:14": {
    "acc: ": 70.63,
    "f1: ": 0.651,
    "auc: ": 0.916
  },
  "epoch:12": {
    "acc: ": 69.79,
    "f1: ": 0.644,
    "auc: ": 0.907
  },
  "epoch:23": {
    "acc: ": 69.65,
    "f1: ": 0.642,
    "auc: ": 0.935
  },
  "epoch:41": {
    "acc: ": 68.04,
    "f1: ": 0.61,
    "auc: ": 0.918
  },
  "epoch:26": {
    "acc: ": 67.77,
    "f1: ": 0.63,
    "auc: ": 0.93
  },
  "epoch:18": {
    "acc: ": 67.68,
    "f1: ": 0.633,
    "auc: ": 0.911
  },
  "best10_mean": 70.55,
  "best10_f1_mean": 0.6517000000000002,
  "best10_auc_mean": 0.9219000000000002
}