{
  "epoch:41": {
    "acc: ": 86.96,
    "f1: ": 0.839,
    "auc: ": 0.989
  },
  "epoch:25": {
    "acc: ": 86.33,
    "f1: ": 0.828,
    "auc: ": 0.989
  },
  "epoch:43": {
    "acc: ": 86.17,
    "f1: ": 0.835,
    "auc: ": 0.99
  },
  "epoch:45": {
    "acc: ": 86.15,
    "f1: ": 0.832,
    "auc: ": 0.99
  },
  "epoch:47": {
    "acc: ": 85.87,
    "f1: ": 0.828,
    "auc: ": 0.989
  },
  "epoch:44": {
    "acc: ": 85.82,
    "f1: ": 0.827,
    "auc: ": 0.989
  },
  "epoch:46": {
    "acc: ": 85.76,
    "f1: ": 0.826,
    "auc: ": 0.989
  },
  "epoch:48": {
    "acc: ": 85.66,
    "f1: ": 0.827,
    "auc: ": 0.989
  },
  "epoch:42": {
    "acc: ": 85.63,
    "f1: ": 0.826,
    "auc: ": 0.989
  },
  "epoch:38": {
    "acc: ": 85.57,
    "f1: ": 0.827,
    "auc: ": 0.989
  },
  "best10_mean": 85.99199999999999,
  "best10_f1_mean": 0.8294999999999998,
  "best10_auc_mean": 0.9892000000000001
}