{
  "epoch:40": {
    "acc: ": 92.52,
    "f1: ": 0.9,
    "auc: ": 0.985
  },
  "epoch:46": {
    "acc: ": 92.29,
    "f1: ": 0.899,
    "auc: ": 0.99
  },
  "epoch:49": {
    "acc: ": 92.22,
    "f1: ": 0.899,
    "auc: ": 0.99
  },
  "epoch:48": {
    "acc: ": 92.14,
    "f1: ": 0.898,
    "auc: ": 0.989
  },
  "epoch:44": {
    "acc: ": 92.06,
    "f1: ": 0.898,
    "auc: ": 0.989
  },
  "epoch:47": {
    "acc: ": 91.87,
    "f1: ": 0.894,
    "auc: ": 0.989
  },
  "epoch:27": {
    "acc: ": 91.68,
    "f1: ": 0.888,
    "auc: ": 0.99
  },
  "epoch:29": {
    "acc: ": 91.68,
    "f1: ": 0.886,
    "auc: ": 0.988
  },
  "epoch:34": {
    "acc: ": 91.68,
    "f1: ": 0.889,
    "auc: ": 0.991
  },
  "epoch:43": {
    "acc: ": 91.58,
    "f1: ": 0.89,
    "auc: ": 0.989
  },
  "best10_mean": 91.97200000000001,
  "best10_f1_mean": 0.8941000000000001,
  "best10_auc_mean": 0.9890000000000001
}