{
  "epoch:44": {
    "acc: ": 94.6,
    "f1: ": 0.928,
    "auc: ": 0.996
  },
  "epoch:49": {
    "acc: ": 94.35,
    "f1: ": 0.924,
    "auc: ": 0.995
  },
  "epoch:47": {
    "acc: ": 94.22,
    "f1: ": 0.922,
    "auc: ": 0.995
  },
  "epoch:48": {
    "acc: ": 94.0,
    "f1: ": 0.92,
    "auc: ": 0.995
  },
  "epoch:45": {
    "acc: ": 93.97,
    "f1: ": 0.921,
    "auc: ": 0.996
  },
  "epoch:41": {
    "acc: ": 93.73,
    "f1: ": 0.916,
    "auc: ": 0.995
  },
  "epoch:42": {
    "acc: ": 93.72,
    "f1: ": 0.916,
    "auc: ": 0.995
  },
  "epoch:36": {
    "acc: ": 93.64,
    "f1: ": 0.909,
    "auc: ": 0.995
  },
  "epoch:43": {
    "acc: ": 93.21,
    "f1: ": 0.907,
    "auc: ": 0.995
  },
  "epoch:46": {
    "acc: ": 93.18,
    "f1: ": 0.909,
    "auc: ": 0.994
  },
  "best10_mean": 93.86200000000001,
  "best10_f1_mean": 0.9172000000000002,
  "best10_auc_mean": 0.9951000000000001
}