{
  "epoch:39": {
    "acc: ": 94.22,
    "f1: ": 0.921,
    "auc: ": 0.995
  },
  "epoch:40": {
    "acc: ": 93.94,
    "f1: ": 0.921,
    "auc: ": 0.996
  },
  "epoch:38": {
    "acc: ": 93.86,
    "f1: ": 0.923,
    "auc: ": 0.995
  },
  "epoch:24": {
    "acc: ": 93.83,
    "f1: ": 0.913,
    "auc: ": 0.995
  },
  "epoch:45": {
    "acc: ": 93.81,
    "f1: ": 0.919,
    "auc: ": 0.995
  },
  "epoch:33": {
    "acc: ": 93.67,
    "f1: ": 0.922,
    "auc: ": 0.997
  },
  "epoch:42": {
    "acc: ": 93.56,
    "f1: ": 0.919,
    "auc: ": 0.995
  },
  "epoch:34": {
    "acc: ": 93.54,
    "f1: ": 0.914,
    "auc: ": 0.996
  },
  "epoch:48": {
    "acc: ": 93.49,
    "f1: ": 0.916,
    "auc: ": 0.995
  },
  "epoch:46": {
    "acc: ": 93.35,
    "f1: ": 0.916,
    "auc: ": 0.995
  },
  "best10_mean": 93.72699999999999,
  "best10_f1_mean": 0.9183999999999999,
  "best10_auc_mean": 0.9953999999999998
}