{
  "epoch:45": {
    "acc: ": 93.42,
    "f1: ": 0.905,
    "auc: ": 0.994
  },
  "epoch:46": {
    "acc: ": 93.35,
    "f1: ": 0.903,
    "auc: ": 0.995
  },
  "epoch:47": {
    "acc: ": 93.1,
    "f1: ": 0.899,
    "auc: ": 0.994
  },
  "epoch:48": {
    "acc: ": 93.1,
    "f1: ": 0.899,
    "auc: ": 0.994
  },
  "epoch:49": {
    "acc: ": 93.0,
    "f1: ": 0.898,
    "auc: ": 0.994
  },
  "epoch:42": {
    "acc: ": 92.88,
    "f1: ": 0.896,
    "auc: ": 0.994
  },
  "epoch:44": {
    "acc: ": 92.75,
    "f1: ": 0.895,
    "auc: ": 0.994
  },
  "epoch:35": {
    "acc: ": 92.74,
    "f1: ": 0.899,
    "auc: ": 0.993
  },
  "epoch:36": {
    "acc: ": 92.74,
    "f1: ": 0.898,
    "auc: ": 0.993
  },
  "epoch:38": {
    "acc: ": 92.74,
    "f1: ": 0.894,
    "auc: ": 0.994
  },
  "best10_mean": 92.982,
  "best10_f1_mean": 0.8986000000000001,
  "best10_auc_mean": 0.9938999999999998
}