{
  "epoch:43": {
    "acc: ": 77.79,
    "f1: ": 0.778,
    "auc: ": 0.942
  },
  "epoch:41": {
    "acc: ": 77.32,
    "f1: ": 0.774,
    "auc: ": 0.937
  },
  "epoch:49": {
    "acc: ": 76.82,
    "f1: ": 0.768,
    "auc: ": 0.939
  },
  "epoch:48": {
    "acc: ": 76.75,
    "f1: ": 0.767,
    "auc: ": 0.939
  },
  "epoch:46": {
    "acc: ": 76.46,
    "f1: ": 0.764,
    "auc: ": 0.937
  },
  "epoch:47": {
    "acc: ": 76.25,
    "f1: ": 0.763,
    "auc: ": 0.936
  },
  "epoch:44": {
    "acc: ": 76.21,
    "f1: ": 0.763,
    "auc: ": 0.937
  },
  "epoch:37": {
    "acc: ": 75.75,
    "f1: ": 0.759,
    "auc: ": 0.934
  },
  "epoch:45": {
    "acc: ": 75.71,
    "f1: ": 0.757,
    "auc: ": 0.934
  },
  "epoch:42": {
    "acc: ": 75.64,
    "f1: ": 0.755,
    "auc: ": 0.933
  },
  "best10_mean": 76.47,
  "best10_f1_mean": 0.7647999999999999,
  "best10_auc_mean": 0.9368000000000001
}