{
  "epoch:36": {
    "acc: ": 89.4,
    "f1: ": 0.868,
    "auc: ": 0.992
  },
  "epoch:21": {
    "acc: ": 89.33,
    "f1: ": 0.853,
    "auc: ": 0.991
  },
  "epoch:24": {
    "acc: ": 89.26,
    "f1: ": 0.858,
    "auc: ": 0.991
  },
  "epoch:31": {
    "acc: ": 89.2,
    "f1: ": 0.855,
    "auc: ": 0.99
  },
  "epoch:19": {
    "acc: ": 88.87,
    "f1: ": 0.837,
    "auc: ": 0.989
  },
  "epoch:46": {
    "acc: ": 88.54,
    "f1: ": 0.85,
    "auc: ": 0.99
  },
  "epoch:26": {
    "acc: ": 88.52,
    "f1: ": 0.841,
    "auc: ": 0.989
  },
  "epoch:38": {
    "acc: ": 88.43,
    "f1: ": 0.843,
    "auc: ": 0.99
  },
  "epoch:45": {
    "acc: ": 88.3,
    "f1: ": 0.845,
    "auc: ": 0.99
  },
  "epoch:23": {
    "acc: ": 88.27,
    "f1: ": 0.844,
    "auc: ": 0.989
  },
  "best10_mean": 88.81199999999998,
  "best10_f1_mean": 0.8493999999999999,
  "best10_auc_mean": 0.9901000000000002
}