{
  "epoch:45": {
    "acc: ": 92.44,
    "f1: ": 0.899,
    "auc: ": 0.993
  },
  "epoch:48": {
    "acc: ": 92.14,
    "f1: ": 0.894,
    "auc: ": 0.992
  },
  "epoch:44": {
    "acc: ": 92.1,
    "f1: ": 0.895,
    "auc: ": 0.992
  },
  "epoch:49": {
    "acc: ": 92.1,
    "f1: ": 0.893,
    "auc: ": 0.992
  },
  "epoch:46": {
    "acc: ": 91.93,
    "f1: ": 0.891,
    "auc: ": 0.992
  },
  "epoch:27": {
    "acc: ": 91.9,
    "f1: ": 0.891,
    "auc: ": 0.993
  },
  "epoch:47": {
    "acc: ": 91.73,
    "f1: ": 0.888,
    "auc: ": 0.992
  },
  "epoch:41": {
    "acc: ": 91.58,
    "f1: ": 0.886,
    "auc: ": 0.993
  },
  "epoch:29": {
    "acc: ": 91.5,
    "f1: ": 0.886,
    "auc: ": 0.991
  },
  "epoch:40": {
    "acc: ": 91.35,
    "f1: ": 0.885,
    "auc: ": 0.991
  },
  "best10_mean": 91.87700000000001,
  "best10_f1_mean": 0.8907999999999999,
  "best10_auc_mean": 0.9921000000000001
}