{
  "epoch:43": {
    "acc: ": 89.94,
    "f1: ": 0.865,
    "auc: ": 0.99
  },
  "epoch:45": {
    "acc: ": 89.93,
    "f1: ": 0.868,
    "auc: ": 0.991
  },
  "epoch:49": {
    "acc: ": 89.88,
    "f1: ": 0.866,
    "auc: ": 0.991
  },
  "epoch:48": {
    "acc: ": 89.83,
    "f1: ": 0.866,
    "auc: ": 0.99
  },
  "epoch:47": {
    "acc: ": 89.5,
    "f1: ": 0.862,
    "auc: ": 0.99
  },
  "epoch:41": {
    "acc: ": 89.39,
    "f1: ": 0.863,
    "auc: ": 0.99
  },
  "epoch:40": {
    "acc: ": 89.14,
    "f1: ": 0.858,
    "auc: ": 0.99
  },
  "epoch:46": {
    "acc: ": 88.71,
    "f1: ": 0.849,
    "auc: ": 0.989
  },
  "epoch:44": {
    "acc: ": 88.62,
    "f1: ": 0.849,
    "auc: ": 0.989
  },
  "epoch:42": {
    "acc: ": 88.57,
    "f1: ": 0.846,
    "auc: ": 0.989
  },
  "best10_mean": 89.351,
  "best10_f1_mean": 0.8591999999999999,
  "best10_auc_mean": 0.9899000000000001
}