{
  "epoch:30": {
    "acc: ": 91.17,
    "f1: ": 0.876,
    "auc: ": 0.992
  },
  "epoch:36": {
    "acc: ": 91.14,
    "f1: ": 0.868,
    "auc: ": 0.992
  },
  "epoch:31": {
    "acc: ": 90.79,
    "f1: ": 0.873,
    "auc: ": 0.993
  },
  "epoch:41": {
    "acc: ": 90.75,
    "f1: ": 0.859,
    "auc: ": 0.992
  },
  "epoch:38": {
    "acc: ": 90.73,
    "f1: ": 0.864,
    "auc: ": 0.992
  },
  "epoch:23": {
    "acc: ": 90.46,
    "f1: ": 0.867,
    "auc: ": 0.992
  },
  "epoch:34": {
    "acc: ": 90.38,
    "f1: ": 0.863,
    "auc: ": 0.991
  },
  "epoch:35": {
    "acc: ": 90.21,
    "f1: ": 0.856,
    "auc: ": 0.991
  },
  "epoch:17": {
    "acc: ": 90.05,
    "f1: ": 0.863,
    "auc: ": 0.992
  },
  "epoch:37": {
    "acc: ": 89.97,
    "f1: ": 0.86,
    "auc: ": 0.991
  },
  "best10_mean": 90.56500000000001,
  "best10_f1_mean": 0.8648999999999999,
  "best10_auc_mean": 0.9917999999999999
}