{
  "epoch:38": {
    "acc: ": 92.97,
    "f1: ": 0.911,
    "auc: ": 0.995
  },
  "epoch:23": {
    "acc: ": 92.93,
    "f1: ": 0.909,
    "auc: ": 0.996
  },
  "epoch:33": {
    "acc: ": 92.86,
    "f1: ": 0.908,
    "auc: ": 0.995
  },
  "epoch:21": {
    "acc: ": 92.4,
    "f1: ": 0.903,
    "auc: ": 0.995
  },
  "epoch:30": {
    "acc: ": 92.26,
    "f1: ": 0.904,
    "auc: ": 0.995
  },
  "epoch:36": {
    "acc: ": 92.26,
    "f1: ": 0.9,
    "auc: ": 0.995
  },
  "epoch:47": {
    "acc: ": 91.82,
    "f1: ": 0.897,
    "auc: ": 0.993
  },
  "epoch:11": {
    "acc: ": 91.6,
    "f1: ": 0.887,
    "auc: ": 0.994
  },
  "epoch:35": {
    "acc: ": 91.6,
    "f1: ": 0.896,
    "auc: ": 0.994
  },
  "epoch:31": {
    "acc: ": 91.28,
    "f1: ": 0.892,
    "auc: ": 0.994
  },
  "best10_mean": 92.19800000000001,
  "best10_f1_mean": 0.9007000000000002,
  "best10_auc_mean": 0.9945999999999999
}