{
  "epoch:38": {
    "acc: ": 91.87,
    "f1: ": 0.896,
    "auc: ": 0.992
  },
  "epoch:37": {
    "acc: ": 91.84,
    "f1: ": 0.895,
    "auc: ": 0.993
  },
  "epoch:42": {
    "acc: ": 91.57,
    "f1: ": 0.894,
    "auc: ": 0.993
  },
  "epoch:46": {
    "acc: ": 91.46,
    "f1: ": 0.892,
    "auc: ": 0.993
  },
  "epoch:47": {
    "acc: ": 91.2,
    "f1: ": 0.888,
    "auc: ": 0.992
  },
  "epoch:39": {
    "acc: ": 91.06,
    "f1: ": 0.887,
    "auc: ": 0.991
  },
  "epoch:36": {
    "acc: ": 90.98,
    "f1: ": 0.885,
    "auc: ": 0.993
  },
  "epoch:45": {
    "acc: ": 90.95,
    "f1: ": 0.884,
    "auc: ": 0.991
  },
  "epoch:49": {
    "acc: ": 90.87,
    "f1: ": 0.884,
    "auc: ": 0.991
  },
  "epoch:48": {
    "acc: ": 90.83,
    "f1: ": 0.884,
    "auc: ": 0.991
  },
  "best10_mean": 91.263,
  "best10_f1_mean": 0.8889000000000001,
  "best10_auc_mean": 0.9919999999999998
}