{
  "epoch:46": {
    "acc: ": 91.49,
    "f1: ": 0.887,
    "auc: ": 0.994
  },
  "epoch:47": {
    "acc: ": 91.46,
    "f1: ": 0.887,
    "auc: ": 0.994
  },
  "epoch:49": {
    "acc: ": 91.44,
    "f1: ": 0.886,
    "auc: ": 0.994
  },
  "epoch:48": {
    "acc: ": 91.41,
    "f1: ": 0.886,
    "auc: ": 0.994
  },
  "epoch:41": {
    "acc: ": 91.3,
    "f1: ": 0.883,
    "auc: ": 0.994
  },
  "epoch:42": {
    "acc: ": 91.3,
    "f1: ": 0.881,
    "auc: ": 0.993
  },
  "epoch:44": {
    "acc: ": 91.24,
    "f1: ": 0.885,
    "auc: ": 0.993
  },
  "epoch:45": {
    "acc: ": 91.14,
    "f1: ": 0.883,
    "auc: ": 0.993
  },
  "epoch:40": {
    "acc: ": 90.95,
    "f1: ": 0.881,
    "auc: ": 0.994
  },
  "epoch:22": {
    "acc: ": 90.89,
    "f1: ": 0.876,
    "auc: ": 0.993
  },
  "best10_mean": 91.262,
  "best10_f1_mean": 0.8835000000000001,
  "best10_auc_mean": 0.9936000000000001
}