{
  "epoch:33": {
    "acc: ": 92.14,
    "f1: ": 0.892,
    "auc: ": 0.992
  },
  "epoch:40": {
    "acc: ": 91.52,
    "f1: ": 0.884,
    "auc: ": 0.99
  },
  "epoch:35": {
    "acc: ": 91.35,
    "f1: ": 0.886,
    "auc: ": 0.99
  },
  "epoch:42": {
    "acc: ": 91.28,
    "f1: ": 0.882,
    "auc: ": 0.99
  },
  "epoch:47": {
    "acc: ": 91.27,
    "f1: ": 0.88,
    "auc: ": 0.99
  },
  "epoch:38": {
    "acc: ": 91.2,
    "f1: ": 0.878,
    "auc: ": 0.991
  },
  "epoch:48": {
    "acc: ": 91.19,
    "f1: ": 0.881,
    "auc: ": 0.99
  },
  "epoch:44": {
    "acc: ": 91.16,
    "f1: ": 0.878,
    "auc: ": 0.989
  },
  "epoch:49": {
    "acc: ": 91.16,
    "f1: ": 0.879,
    "auc: ": 0.99
  },
  "epoch:28": {
    "acc: ": 91.08,
    "f1: ": 0.878,
    "auc: ": 0.991
  },
  "best10_mean": 91.33500000000001,
  "best10_f1_mean": 0.8818000000000001,
  "best10_auc_mean": 0.9902999999999998
}