{
  "epoch:21": {
    "acc: ": 91.73,
    "f1: ": 0.887,
    "auc: ": 0.994
  },
  "epoch:37": {
    "acc: ": 91.46,
    "f1: ": 0.887,
    "auc: ": 0.994
  },
  "epoch:30": {
    "acc: ": 91.27,
    "f1: ": 0.882,
    "auc: ": 0.994
  },
  "epoch:41": {
    "acc: ": 91.24,
    "f1: ": 0.885,
    "auc: ": 0.994
  },
  "epoch:19": {
    "acc: ": 91.06,
    "f1: ": 0.878,
    "auc: ": 0.993
  },
  "epoch:36": {
    "acc: ": 91.0,
    "f1: ": 0.882,
    "auc: ": 0.993
  },
  "epoch:33": {
    "acc: ": 90.87,
    "f1: ": 0.878,
    "auc: ": 0.994
  },
  "epoch:13": {
    "acc: ": 90.64,
    "f1: ": 0.875,
    "auc: ": 0.992
  },
  "epoch:49": {
    "acc: ": 90.56,
    "f1: ": 0.877,
    "auc: ": 0.993
  },
  "epoch:28": {
    "acc: ": 90.54,
    "f1: ": 0.878,
    "auc: ": 0.994
  },
  "best10_mean": 91.03699999999999,
  "best10_f1_mean": 0.8808999999999999,
  "best10_auc_mean": 0.9935
}