{
  "epoch:36": {
    "acc: ": 91.95,
    "f1: ": 0.888,
    "auc: ": 0.993
  },
  "epoch:35": {
    "acc: ": 91.5,
    "f1: ": 0.887,
    "auc: ": 0.991
  },
  "epoch:37": {
    "acc: ": 91.35,
    "f1: ": 0.885,
    "auc: ": 0.992
  },
  "epoch:40": {
    "acc: ": 91.28,
    "f1: ": 0.884,
    "auc: ": 0.991
  },
  "epoch:31": {
    "acc: ": 91.27,
    "f1: ": 0.879,
    "auc: ": 0.992
  },
  "epoch:45": {
    "acc: ": 91.24,
    "f1: ": 0.88,
    "auc: ": 0.993
  },
  "epoch:43": {
    "acc: ": 91.08,
    "f1: ": 0.88,
    "auc: ": 0.992
  },
  "epoch:49": {
    "acc: ": 91.06,
    "f1: ": 0.879,
    "auc: ": 0.992
  },
  "epoch:46": {
    "acc: ": 90.92,
    "f1: ": 0.878,
    "auc: ": 0.992
  },
  "epoch:48": {
    "acc: ": 90.89,
    "f1: ": 0.877,
    "auc: ": 0.992
  },
  "best10_mean": 91.25399999999999,
  "best10_f1_mean": 0.8817,
  "best10_auc_mean": 0.9920000000000002
}