{
  "epoch:25": {
    "acc: ": 93.27,
    "f1: ": 0.908,
    "auc: ": 0.995
  },
  "epoch:40": {
    "acc: ": 93.1,
    "f1: ": 0.905,
    "auc: ": 0.995
  },
  "epoch:24": {
    "acc: ": 92.83,
    "f1: ": 0.889,
    "auc: ": 0.994
  },
  "epoch:44": {
    "acc: ": 92.7,
    "f1: ": 0.898,
    "auc: ": 0.993
  },
  "epoch:42": {
    "acc: ": 92.63,
    "f1: ": 0.897,
    "auc: ": 0.991
  },
  "epoch:41": {
    "acc: ": 92.44,
    "f1: ": 0.895,
    "auc: ": 0.992
  },
  "epoch:49": {
    "acc: ": 92.4,
    "f1: ": 0.894,
    "auc: ": 0.992
  },
  "epoch:48": {
    "acc: ": 92.36,
    "f1: ": 0.894,
    "auc: ": 0.992
  },
  "epoch:45": {
    "acc: ": 92.17,
    "f1: ": 0.892,
    "auc: ": 0.992
  },
  "epoch:47": {
    "acc: ": 92.15,
    "f1: ": 0.891,
    "auc: ": 0.991
  },
  "best10_mean": 92.60499999999999,
  "best10_f1_mean": 0.8962999999999999,
  "best10_auc_mean": 0.9926999999999999
}