{
  "epoch:47": {
    "acc: ": 92.67,
    "f1: ": 0.9,
    "auc: ": 0.992
  },
  "epoch:46": {
    "acc: ": 92.63,
    "f1: ": 0.899,
    "auc: ": 0.992
  },
  "epoch:48": {
    "acc: ": 92.42,
    "f1: ": 0.898,
    "auc: ": 0.991
  },
  "epoch:49": {
    "acc: ": 92.33,
    "f1: ": 0.896,
    "auc: ": 0.992
  },
  "epoch:40": {
    "acc: ": 92.29,
    "f1: ": 0.897,
    "auc: ": 0.992
  },
  "epoch:44": {
    "acc: ": 92.22,
    "f1: ": 0.894,
    "auc: ": 0.992
  },
  "epoch:32": {
    "acc: ": 92.17,
    "f1: ": 0.893,
    "auc: ": 0.99
  },
  "epoch:42": {
    "acc: ": 91.87,
    "f1: ": 0.89,
    "auc: ": 0.989
  },
  "epoch:18": {
    "acc: ": 91.8,
    "f1: ": 0.883,
    "auc: ": 0.992
  },
  "epoch:45": {
    "acc: ": 91.79,
    "f1: ": 0.89,
    "auc: ": 0.991
  },
  "best10_mean": 92.219,
  "best10_f1_mean": 0.8940000000000001,
  "best10_auc_mean": 0.9913000000000001
}