{
  "epoch:40": {
    "acc: ": 90.7,
    "f1: ": 0.883,
    "auc: ": 0.991
  },
  "epoch:41": {
    "acc: ": 88.73,
    "f1: ": 0.86,
    "auc: ": 0.989
  },
  "epoch:32": {
    "acc: ": 87.94,
    "f1: ": 0.848,
    "auc: ": 0.989
  },
  "epoch:35": {
    "acc: ": 87.89,
    "f1: ": 0.854,
    "auc: ": 0.988
  },
  "epoch:49": {
    "acc: ": 87.29,
    "f1: ": 0.845,
    "auc: ": 0.987
  },
  "epoch:31": {
    "acc: ": 87.27,
    "f1: ": 0.843,
    "auc: ": 0.989
  },
  "epoch:46": {
    "acc: ": 87.21,
    "f1: ": 0.845,
    "auc: ": 0.987
  },
  "epoch:45": {
    "acc: ": 87.16,
    "f1: ": 0.845,
    "auc: ": 0.987
  },
  "epoch:48": {
    "acc: ": 87.16,
    "f1: ": 0.844,
    "auc: ": 0.986
  },
  "epoch:47": {
    "acc: ": 87.05,
    "f1: ": 0.841,
    "auc: ": 0.986
  },
  "best10_mean": 87.84,
  "best10_f1_mean": 0.8507999999999999,
  "best10_auc_mean": 0.9879000000000001
}