{
  "epoch:39": {
    "acc: ": 92.34,
    "f1: ": 0.899,
    "auc: ": 0.992
  },
  "epoch:40": {
    "acc: ": 92.14,
    "f1: ": 0.897,
    "auc: ": 0.993
  },
  "epoch:34": {
    "acc: ": 91.84,
    "f1: ": 0.891,
    "auc: ": 0.993
  },
  "epoch:30": {
    "acc: ": 91.46,
    "f1: ": 0.887,
    "auc: ": 0.993
  },
  "epoch:49": {
    "acc: ": 91.39,
    "f1: ": 0.889,
    "auc: ": 0.991
  },
  "epoch:45": {
    "acc: ": 91.36,
    "f1: ": 0.889,
    "auc: ": 0.992
  },
  "epoch:48": {
    "acc: ": 91.35,
    "f1: ": 0.887,
    "auc: ": 0.991
  },
  "epoch:36": {
    "acc: ": 91.05,
    "f1: ": 0.888,
    "auc: ": 0.992
  },
  "epoch:47": {
    "acc: ": 91.02,
    "f1: ": 0.885,
    "auc: ": 0.991
  },
  "epoch:31": {
    "acc: ": 90.97,
    "f1: ": 0.877,
    "auc: ": 0.991
  },
  "best10_mean": 91.49199999999999,
  "best10_f1_mean": 0.8889000000000001,
  "best10_auc_mean": 0.9918999999999999
}