{
  "epoch:25": {
    "acc: ": 91.52,
    "f1: ": 0.886,
    "auc: ": 0.993
  },
  "epoch:36": {
    "acc: ": 90.86,
    "f1: ": 0.873,
    "auc: ": 0.993
  },
  "epoch:30": {
    "acc: ": 90.65,
    "f1: ": 0.872,
    "auc: ": 0.992
  },
  "epoch:38": {
    "acc: ": 90.65,
    "f1: ": 0.87,
    "auc: ": 0.992
  },
  "epoch:34": {
    "acc: ": 90.53,
    "f1: ": 0.872,
    "auc: ": 0.992
  },
  "epoch:40": {
    "acc: ": 90.18,
    "f1: ": 0.868,
    "auc: ": 0.992
  },
  "epoch:47": {
    "acc: ": 90.08,
    "f1: ": 0.865,
    "auc: ": 0.991
  },
  "epoch:48": {
    "acc: ": 89.99,
    "f1: ": 0.865,
    "auc: ": 0.991
  },
  "epoch:20": {
    "acc: ": 89.91,
    "f1: ": 0.87,
    "auc: ": 0.992
  },
  "epoch:41": {
    "acc: ": 89.83,
    "f1: ": 0.866,
    "auc: ": 0.992
  },
  "best10_mean": 90.41999999999999,
  "best10_f1_mean": 0.8707,
  "best10_auc_mean": 0.9919999999999998
}