{
  "epoch:43": {
    "acc: ": 94.47,
    "f1: ": 0.926,
    "auc: ": 0.997
  },
  "epoch:24": {
    "acc: ": 94.27,
    "f1: ": 0.923,
    "auc: ": 0.996
  },
  "epoch:26": {
    "acc: ": 94.09,
    "f1: ": 0.918,
    "auc: ": 0.993
  },
  "epoch:42": {
    "acc: ": 93.48,
    "f1: ": 0.914,
    "auc: ": 0.996
  },
  "epoch:35": {
    "acc: ": 93.0,
    "f1: ": 0.904,
    "auc: ": 0.996
  },
  "epoch:25": {
    "acc: ": 92.88,
    "f1: ": 0.901,
    "auc: ": 0.994
  },
  "epoch:16": {
    "acc: ": 92.86,
    "f1: ": 0.9,
    "auc: ": 0.995
  },
  "epoch:48": {
    "acc: ": 92.82,
    "f1: ": 0.899,
    "auc: ": 0.995
  },
  "epoch:8": {
    "acc: ": 92.72,
    "f1: ": 0.9,
    "auc: ": 0.994
  },
  "epoch:36": {
    "acc: ": 92.72,
    "f1: ": 0.903,
    "auc: ": 0.995
  },
  "best10_mean": 93.33100000000002,
  "best10_f1_mean": 0.9088,
  "best10_auc_mean": 0.9950999999999999
}