{
  "epoch:32": {
    "acc: ": 92.64,
    "f1: ": 0.896,
    "auc: ": 0.994
  },
  "epoch:34": {
    "acc: ": 92.52,
    "f1: ": 0.902,
    "auc: ": 0.994
  },
  "epoch:42": {
    "acc: ": 92.1,
    "f1: ": 0.891,
    "auc: ": 0.992
  },
  "epoch:40": {
    "acc: ": 92.09,
    "f1: ": 0.893,
    "auc: ": 0.992
  },
  "epoch:47": {
    "acc: ": 92.04,
    "f1: ": 0.894,
    "auc: ": 0.991
  },
  "epoch:46": {
    "acc: ": 92.03,
    "f1: ": 0.895,
    "auc: ": 0.992
  },
  "epoch:39": {
    "acc: ": 91.99,
    "f1: ": 0.893,
    "auc: ": 0.991
  },
  "epoch:44": {
    "acc: ": 91.98,
    "f1: ": 0.894,
    "auc: ": 0.992
  },
  "epoch:49": {
    "acc: ": 91.9,
    "f1: ": 0.892,
    "auc: ": 0.992
  },
  "epoch:43": {
    "acc: ": 91.87,
    "f1: ": 0.893,
    "auc: ": 0.991
  },
  "best10_mean": 92.11600000000001,
  "best10_f1_mean": 0.8943000000000001,
  "best10_auc_mean": 0.9921
}