{
  "epoch:41": {
    "acc: ": 93.18,
    "f1: ": 0.909,
    "auc: ": 0.99
  },
  "epoch:40": {
    "acc: ": 92.59,
    "f1: ": 0.903,
    "auc: ": 0.99
  },
  "epoch:33": {
    "acc: ": 92.56,
    "f1: ": 0.906,
    "auc: ": 0.991
  },
  "epoch:38": {
    "acc: ": 92.48,
    "f1: ": 0.903,
    "auc: ": 0.991
  },
  "epoch:46": {
    "acc: ": 92.26,
    "f1: ": 0.902,
    "auc: ": 0.991
  },
  "epoch:48": {
    "acc: ": 92.23,
    "f1: ": 0.901,
    "auc: ": 0.99
  },
  "epoch:49": {
    "acc: ": 92.17,
    "f1: ": 0.899,
    "auc: ": 0.99
  },
  "epoch:47": {
    "acc: ": 91.95,
    "f1: ": 0.898,
    "auc: ": 0.99
  },
  "epoch:45": {
    "acc: ": 91.85,
    "f1: ": 0.898,
    "auc: ": 0.99
  },
  "epoch:43": {
    "acc: ": 91.47,
    "f1: ": 0.892,
    "auc: ": 0.988
  },
  "best10_mean": 92.27400000000002,
  "best10_f1_mean": 0.9010999999999999,
  "best10_auc_mean": 0.9901
}