{
  "epoch:40": {
    "acc: ": 81.83,
    "f1: ": 0.789,
    "auc: ": 0.98
  },
  "epoch:44": {
    "acc: ": 80.53,
    "f1: ": 0.773,
    "auc: ": 0.978
  },
  "epoch:49": {
    "acc: ": 80.44,
    "f1: ": 0.775,
    "auc: ": 0.977
  },
  "epoch:43": {
    "acc: ": 80.36,
    "f1: ": 0.773,
    "auc: ": 0.979
  },
  "epoch:48": {
    "acc: ": 80.34,
    "f1: ": 0.775,
    "auc: ": 0.977
  },
  "epoch:42": {
    "acc: ": 80.26,
    "f1: ": 0.775,
    "auc: ": 0.975
  },
  "epoch:46": {
    "acc: ": 80.23,
    "f1: ": 0.773,
    "auc: ": 0.977
  },
  "epoch:39": {
    "acc: ": 80.18,
    "f1: ": 0.772,
    "auc: ": 0.978
  },
  "epoch:47": {
    "acc: ": 80.18,
    "f1: ": 0.773,
    "auc: ": 0.977
  },
  "epoch:45": {
    "acc: ": 80.12,
    "f1: ": 0.769,
    "auc: ": 0.976
  },
  "best10_mean": 80.44700000000002,
  "best10_f1_mean": 0.7746999999999999,
  "best10_auc_mean": 0.9774
}