{
  "epoch:48": {
    "acc: ": 80.25,
    "f1: ": 0.803,
    "auc: ": 0.949
  },
  "epoch:47": {
    "acc: ": 79.96,
    "f1: ": 0.8,
    "auc: ": 0.948
  },
  "epoch:49": {
    "acc: ": 79.93,
    "f1: ": 0.799,
    "auc: ": 0.949
  },
  "epoch:46": {
    "acc: ": 79.64,
    "f1: ": 0.797,
    "auc: ": 0.947
  },
  "epoch:45": {
    "acc: ": 79.39,
    "f1: ": 0.794,
    "auc: ": 0.948
  },
  "epoch:43": {
    "acc: ": 79.07,
    "f1: ": 0.791,
    "auc: ": 0.948
  },
  "epoch:44": {
    "acc: ": 79.07,
    "f1: ": 0.791,
    "auc: ": 0.945
  },
  "epoch:40": {
    "acc: ": 78.39,
    "f1: ": 0.785,
    "auc: ": 0.939
  },
  "epoch:41": {
    "acc: ": 78.0,
    "f1: ": 0.781,
    "auc: ": 0.945
  },
  "epoch:42": {
    "acc: ": 78.0,
    "f1: ": 0.781,
    "auc: ": 0.941
  },
  "best10_mean": 79.16999999999999,
  "best10_f1_mean": 0.7922,
  "best10_auc_mean": 0.9459000000000002
}