{
  "epoch:43": {
    "acc: ": 92.06,
    "f1: ": 0.899,
    "auc: ": 0.993
  },
  "epoch:49": {
    "acc: ": 91.8,
    "f1: ": 0.895,
    "auc: ": 0.994
  },
  "epoch:47": {
    "acc: ": 91.73,
    "f1: ": 0.894,
    "auc: ": 0.994
  },
  "epoch:44": {
    "acc: ": 91.71,
    "f1: ": 0.894,
    "auc: ": 0.994
  },
  "epoch:48": {
    "acc: ": 91.71,
    "f1: ": 0.893,
    "auc: ": 0.993
  },
  "epoch:46": {
    "acc: ": 91.58,
    "f1: ": 0.892,
    "auc: ": 0.994
  },
  "epoch:38": {
    "acc: ": 91.46,
    "f1: ": 0.889,
    "auc: ": 0.994
  },
  "epoch:40": {
    "acc: ": 91.38,
    "f1: ": 0.893,
    "auc: ": 0.993
  },
  "epoch:45": {
    "acc: ": 91.3,
    "f1: ": 0.889,
    "auc: ": 0.993
  },
  "epoch:33": {
    "acc: ": 90.95,
    "f1: ": 0.883,
    "auc: ": 0.993
  },
  "best10_mean": 91.56800000000001,
  "best10_f1_mean": 0.8920999999999999,
  "best10_auc_mean": 0.9935
}