{
  "epoch:38": {
    "acc: ": 93.35,
    "f1: ": 0.911,
    "auc: ": 0.995
  },
  "epoch:46": {
    "acc: ": 93.18,
    "f1: ": 0.913,
    "auc: ": 0.995
  },
  "epoch:43": {
    "acc: ": 92.8,
    "f1: ": 0.905,
    "auc: ": 0.994
  },
  "epoch:44": {
    "acc: ": 92.8,
    "f1: ": 0.904,
    "auc: ": 0.994
  },
  "epoch:47": {
    "acc: ": 92.77,
    "f1: ": 0.906,
    "auc: ": 0.994
  },
  "epoch:28": {
    "acc: ": 92.63,
    "f1: ": 0.901,
    "auc: ": 0.994
  },
  "epoch:49": {
    "acc: ": 92.63,
    "f1: ": 0.904,
    "auc: ": 0.994
  },
  "epoch:45": {
    "acc: ": 92.55,
    "f1: ": 0.904,
    "auc: ": 0.994
  },
  "epoch:48": {
    "acc: ": 92.47,
    "f1: ": 0.902,
    "auc: ": 0.994
  },
  "epoch:39": {
    "acc: ": 92.42,
    "f1: ": 0.904,
    "auc: ": 0.994
  },
  "best10_mean": 92.75999999999999,
  "best10_f1_mean": 0.9053999999999999,
  "best10_auc_mean": 0.9941999999999999
}