{
  "epoch:42": {
    "acc: ": 93.37,
    "f1: ": 0.91,
    "auc: ": 0.993
  },
  "epoch:40": {
    "acc: ": 93.19,
    "f1: ": 0.908,
    "auc: ": 0.993
  },
  "epoch:37": {
    "acc: ": 92.93,
    "f1: ": 0.902,
    "auc: ": 0.993
  },
  "epoch:39": {
    "acc: ": 92.83,
    "f1: ": 0.906,
    "auc: ": 0.994
  },
  "epoch:44": {
    "acc: ": 92.56,
    "f1: ": 0.9,
    "auc: ": 0.992
  },
  "epoch:43": {
    "acc: ": 92.53,
    "f1: ": 0.901,
    "auc: ": 0.992
  },
  "epoch:47": {
    "acc: ": 92.34,
    "f1: ": 0.897,
    "auc: ": 0.992
  },
  "epoch:46": {
    "acc: ": 92.25,
    "f1: ": 0.894,
    "auc: ": 0.992
  },
  "epoch:41": {
    "acc: ": 92.2,
    "f1: ": 0.898,
    "auc: ": 0.992
  },
  "epoch:35": {
    "acc: ": 92.01,
    "f1: ": 0.889,
    "auc: ": 0.991
  },
  "best10_mean": 92.62100000000001,
  "best10_f1_mean": 0.9005000000000001,
  "best10_auc_mean": 0.9924
}