{
  "epoch:44": {
    "acc: ": 51.86,
    "f1: ": 0.421,
    "auc: ": 0.838
  },
  "epoch:41": {
    "acc: ": 50.59,
    "f1: ": 0.392,
    "auc: ": 0.822
  },
  "epoch:48": {
    "acc: ": 50.43,
    "f1: ": 0.428,
    "auc: ": 0.837
  },
  "epoch:43": {
    "acc: ": 50.18,
    "f1: ": 0.413,
    "auc: ": 0.828
  },
  "epoch:49": {
    "acc: ": 49.96,
    "f1: ": 0.425,
    "auc: ": 0.837
  },
  "epoch:45": {
    "acc: ": 49.93,
    "f1: ": 0.43,
    "auc: ": 0.842
  },
  "epoch:42": {
    "acc: ": 49.72,
    "f1: ": 0.41,
    "auc: ": 0.83
  },
  "epoch:40": {
    "acc: ": 48.6,
    "f1: ": 0.409,
    "auc: ": 0.826
  },
  "epoch:46": {
    "acc: ": 47.94,
    "f1: ": 0.42,
    "auc: ": 0.83
  },
  "epoch:47": {
    "acc: ": 47.54,
    "f1: ": 0.41,
    "auc: ": 0.83
  },
  "best10_mean": 49.675,
  "best10_f1_mean": 0.41579999999999995,
  "best10_auc_mean": 0.8319999999999999
}