{
  "epoch:35": {
    "acc: ": 92.89,
    "f1: ": 0.9,
    "auc: ": 0.994
  },
  "epoch:42": {
    "acc: ": 92.28,
    "f1: ": 0.892,
    "auc: ": 0.993
  },
  "epoch:46": {
    "acc: ": 92.23,
    "f1: ": 0.888,
    "auc: ": 0.992
  },
  "epoch:45": {
    "acc: ": 91.76,
    "f1: ": 0.885,
    "auc: ": 0.992
  },
  "epoch:47": {
    "acc: ": 91.76,
    "f1: ": 0.884,
    "auc: ": 0.992
  },
  "epoch:49": {
    "acc: ": 91.76,
    "f1: ": 0.884,
    "auc: ": 0.992
  },
  "epoch:44": {
    "acc: ": 91.69,
    "f1: ": 0.884,
    "auc: ": 0.991
  },
  "epoch:48": {
    "acc: ": 91.68,
    "f1: ": 0.883,
    "auc: ": 0.992
  },
  "epoch:37": {
    "acc: ": 91.47,
    "f1: ": 0.882,
    "auc: ": 0.992
  },
  "epoch:41": {
    "acc: ": 91.17,
    "f1: ": 0.88,
    "auc: ": 0.991
  },
  "best10_mean": 91.86900000000001,
  "best10_f1_mean": 0.8862000000000002,
  "best10_auc_mean": 0.9921
}