{
  "epoch:35": {
    "acc: ": 90.26,
    "f1: ": 0.872,
    "auc: ": 0.99
  },
  "epoch:44": {
    "acc: ": 90.19,
    "f1: ": 0.872,
    "auc: ": 0.988
  },
  "epoch:48": {
    "acc: ": 90.15,
    "f1: ": 0.873,
    "auc: ": 0.989
  },
  "epoch:45": {
    "acc: ": 90.08,
    "f1: ": 0.872,
    "auc: ": 0.988
  },
  "epoch:49": {
    "acc: ": 90.0,
    "f1: ": 0.871,
    "auc: ": 0.989
  },
  "epoch:40": {
    "acc: ": 89.85,
    "f1: ": 0.87,
    "auc: ": 0.989
  },
  "epoch:47": {
    "acc: ": 89.8,
    "f1: ": 0.868,
    "auc: ": 0.989
  },
  "epoch:41": {
    "acc: ": 89.78,
    "f1: ": 0.864,
    "auc: ": 0.989
  },
  "epoch:46": {
    "acc: ": 89.74,
    "f1: ": 0.866,
    "auc: ": 0.99
  },
  "epoch:37": {
    "acc: ": 89.47,
    "f1: ": 0.86,
    "auc: ": 0.989
  },
  "best10_mean": 89.93199999999999,
  "best10_f1_mean": 0.8687999999999999,
  "best10_auc_mean": 0.9890000000000001
}