{
  "epoch:38": {
    "acc: ": 73.79,
    "f1: ": 0.737,
    "auc: ": 0.929
  },
  "epoch:44": {
    "acc: ": 73.79,
    "f1: ": 0.737,
    "auc: ": 0.933
  },
  "epoch:41": {
    "acc: ": 73.64,
    "f1: ": 0.736,
    "auc: ": 0.925
  },
  "epoch:45": {
    "acc: ": 73.21,
    "f1: ": 0.731,
    "auc: ": 0.932
  },
  "epoch:40": {
    "acc: ": 73.14,
    "f1: ": 0.73,
    "auc: ": 0.929
  },
  "epoch:29": {
    "acc: ": 73.0,
    "f1: ": 0.728,
    "auc: ": 0.925
  },
  "epoch:48": {
    "acc: ": 73.0,
    "f1: ": 0.729,
    "auc: ": 0.931
  },
  "epoch:47": {
    "acc: ": 72.89,
    "f1: ": 0.728,
    "auc: ": 0.93
  },
  "epoch:49": {
    "acc: ": 72.86,
    "f1: ": 0.728,
    "auc: ": 0.931
  },
  "epoch:46": {
    "acc: ": 72.82,
    "f1: ": 0.727,
    "auc: ": 0.93
  },
  "best10_mean": 73.21399999999998,
  "best10_f1_mean": 0.7311,
  "best10_auc_mean": 0.9294999999999998
}