{
  "epoch:28": {
    "acc: ": 94.36,
    "f1: ": 0.92,
    "auc: ": 0.997
  },
  "epoch:38": {
    "acc: ": 93.65,
    "f1: ": 0.913,
    "auc: ": 0.997
  },
  "epoch:35": {
    "acc: ": 93.6,
    "f1: ": 0.921,
    "auc: ": 0.997
  },
  "epoch:39": {
    "acc: ": 93.0,
    "f1: ": 0.9,
    "auc: ": 0.997
  },
  "epoch:45": {
    "acc: ": 92.96,
    "f1: ": 0.912,
    "auc: ": 0.996
  },
  "epoch:42": {
    "acc: ": 92.63,
    "f1: ": 0.907,
    "auc: ": 0.996
  },
  "epoch:32": {
    "acc: ": 92.52,
    "f1: ": 0.903,
    "auc: ": 0.996
  },
  "epoch:47": {
    "acc: ": 92.34,
    "f1: ": 0.907,
    "auc: ": 0.997
  },
  "epoch:31": {
    "acc: ": 92.29,
    "f1: ": 0.894,
    "auc: ": 0.996
  },
  "epoch:46": {
    "acc: ": 92.18,
    "f1: ": 0.908,
    "auc: ": 0.997
  },
  "best10_mean": 92.953,
  "best10_f1_mean": 0.9085000000000001,
  "best10_auc_mean": 0.9966000000000002
}