{
  "epoch:49": {
    "acc: ": 78.93,
    "f1: ": 0.789,
    "auc: ": 0.943
  },
  "epoch:48": {
    "acc: ": 78.75,
    "f1: ": 0.788,
    "auc: ": 0.942
  },
  "epoch:47": {
    "acc: ": 78.57,
    "f1: ": 0.786,
    "auc: ": 0.941
  },
  "epoch:41": {
    "acc: ": 78.46,
    "f1: ": 0.784,
    "auc: ": 0.938
  },
  "epoch:42": {
    "acc: ": 78.46,
    "f1: ": 0.785,
    "auc: ": 0.942
  },
  "epoch:45": {
    "acc: ": 78.18,
    "f1: ": 0.783,
    "auc: ": 0.94
  },
  "epoch:46": {
    "acc: ": 78.18,
    "f1: ": 0.782,
    "auc: ": 0.94
  },
  "epoch:44": {
    "acc: ": 78.0,
    "f1: ": 0.78,
    "auc: ": 0.938
  },
  "epoch:36": {
    "acc: ": 77.79,
    "f1: ": 0.777,
    "auc: ": 0.935
  },
  "epoch:43": {
    "acc: ": 77.07,
    "f1: ": 0.771,
    "auc: ": 0.941
  },
  "best10_mean": 78.23899999999999,
  "best10_f1_mean": 0.7825000000000001,
  "best10_auc_mean": 0.9399999999999998
}