{
  "epoch:15": {
    "acc: ": 89.04,
    "f1: ": 0.841,
    "auc: ": 0.984
  },
  "epoch:36": {
    "acc: ": 88.38,
    "f1: ": 0.836,
    "auc: ": 0.987
  },
  "epoch:19": {
    "acc: ": 88.27,
    "f1: ": 0.836,
    "auc: ": 0.987
  },
  "epoch:32": {
    "acc: ": 88.24,
    "f1: ": 0.835,
    "auc: ": 0.988
  },
  "epoch:37": {
    "acc: ": 88.06,
    "f1: ": 0.836,
    "auc: ": 0.988
  },
  "epoch:38": {
    "acc: ": 87.94,
    "f1: ": 0.827,
    "auc: ": 0.987
  },
  "epoch:33": {
    "acc: ": 87.84,
    "f1: ": 0.823,
    "auc: ": 0.986
  },
  "epoch:21": {
    "acc: ": 87.83,
    "f1: ": 0.829,
    "auc: ": 0.985
  },
  "epoch:13": {
    "acc: ": 87.78,
    "f1: ": 0.82,
    "auc: ": 0.975
  },
  "epoch:30": {
    "acc: ": 87.72,
    "f1: ": 0.831,
    "auc: ": 0.989
  },
  "best10_mean": 88.11000000000001,
  "best10_f1_mean": 0.8314,
  "best10_auc_mean": 0.9856000000000001
}