{
  "epoch:41": {
    "acc: ": 92.18,
    "f1: ": 0.901,
    "auc: ": 0.993
  },
  "epoch:33": {
    "acc: ": 91.99,
    "f1: ": 0.895,
    "auc: ": 0.993
  },
  "epoch:43": {
    "acc: ": 91.99,
    "f1: ": 0.899,
    "auc: ": 0.993
  },
  "epoch:37": {
    "acc: ": 91.85,
    "f1: ": 0.897,
    "auc: ": 0.994
  },
  "epoch:40": {
    "acc: ": 91.74,
    "f1: ": 0.894,
    "auc: ": 0.993
  },
  "epoch:36": {
    "acc: ": 91.68,
    "f1: ": 0.893,
    "auc: ": 0.994
  },
  "epoch:47": {
    "acc: ": 91.66,
    "f1: ": 0.895,
    "auc: ": 0.993
  },
  "epoch:49": {
    "acc: ": 91.47,
    "f1: ": 0.893,
    "auc: ": 0.992
  },
  "epoch:48": {
    "acc: ": 91.38,
    "f1: ": 0.892,
    "auc: ": 0.992
  },
  "epoch:45": {
    "acc: ": 91.28,
    "f1: ": 0.891,
    "auc: ": 0.992
  },
  "best10_mean": 91.72200000000001,
  "best10_f1_mean": 0.8950000000000001,
  "best10_auc_mean": 0.9929000000000002
}