{
  "epoch:45": {
    "acc: ": 89.26,
    "f1: ": 0.842,
    "auc: ": 0.989
  },
  "epoch:49": {
    "acc: ": 88.98,
    "f1: ": 0.836,
    "auc: ": 0.988
  },
  "epoch:48": {
    "acc: ": 88.96,
    "f1: ": 0.836,
    "auc: ": 0.988
  },
  "epoch:47": {
    "acc: ": 88.95,
    "f1: ": 0.836,
    "auc: ": 0.988
  },
  "epoch:38": {
    "acc: ": 88.9,
    "f1: ": 0.835,
    "auc: ": 0.988
  },
  "epoch:37": {
    "acc: ": 88.85,
    "f1: ": 0.836,
    "auc: ": 0.988
  },
  "epoch:46": {
    "acc: ": 88.84,
    "f1: ": 0.833,
    "auc: ": 0.988
  },
  "epoch:44": {
    "acc: ": 88.71,
    "f1: ": 0.835,
    "auc: ": 0.988
  },
  "epoch:39": {
    "acc: ": 88.65,
    "f1: ": 0.831,
    "auc: ": 0.988
  },
  "epoch:41": {
    "acc: ": 88.33,
    "f1: ": 0.825,
    "auc: ": 0.988
  },
  "best10_mean": 88.843,
  "best10_f1_mean": 0.8344999999999999,
  "best10_auc_mean": 0.9880999999999999
}