{
  "epoch:45": {
    "acc: ": 68.86,
    "f1: ": 0.688,
    "auc: ": 0.899
  },
  "epoch:49": {
    "acc: ": 68.71,
    "f1: ": 0.684,
    "auc: ": 0.896
  },
  "epoch:47": {
    "acc: ": 68.54,
    "f1: ": 0.682,
    "auc: ": 0.897
  },
  "epoch:48": {
    "acc: ": 67.89,
    "f1: ": 0.677,
    "auc: ": 0.896
  },
  "epoch:44": {
    "acc: ": 67.18,
    "f1: ": 0.671,
    "auc: ": 0.89
  },
  "epoch:46": {
    "acc: ": 67.18,
    "f1: ": 0.67,
    "auc: ": 0.888
  },
  "epoch:43": {
    "acc: ": 65.32,
    "f1: ": 0.647,
    "auc: ": 0.887
  },
  "epoch:39": {
    "acc: ": 62.43,
    "f1: ": 0.62,
    "auc: ": 0.858
  },
  "epoch:42": {
    "acc: ": 62.14,
    "f1: ": 0.617,
    "auc: ": 0.871
  },
  "epoch:36": {
    "acc: ": 61.39,
    "f1: ": 0.61,
    "auc: ": 0.855
  },
  "best10_mean": 65.964,
  "best10_f1_mean": 0.6566000000000001,
  "best10_auc_mean": 0.8836999999999999
}