{
  "epoch:46": {
    "acc: ": 92.28,
    "f1: ": 0.898,
    "auc: ": 0.994
  },
  "epoch:42": {
    "acc: ": 92.23,
    "f1: ": 0.898,
    "auc: ": 0.994
  },
  "epoch:47": {
    "acc: ": 92.22,
    "f1: ": 0.898,
    "auc: ": 0.994
  },
  "epoch:44": {
    "acc: ": 91.96,
    "f1: ": 0.896,
    "auc: ": 0.994
  },
  "epoch:48": {
    "acc: ": 91.92,
    "f1: ": 0.895,
    "auc: ": 0.994
  },
  "epoch:49": {
    "acc: ": 91.9,
    "f1: ": 0.894,
    "auc: ": 0.994
  },
  "epoch:45": {
    "acc: ": 91.63,
    "f1: ": 0.891,
    "auc: ": 0.994
  },
  "epoch:40": {
    "acc: ": 91.5,
    "f1: ": 0.891,
    "auc: ": 0.993
  },
  "epoch:43": {
    "acc: ": 91.38,
    "f1: ": 0.887,
    "auc: ": 0.993
  },
  "epoch:33": {
    "acc: ": 91.32,
    "f1: ": 0.888,
    "auc: ": 0.994
  },
  "best10_mean": 91.83399999999999,
  "best10_f1_mean": 0.8936,
  "best10_auc_mean": 0.9937999999999999
}