{
  "epoch:27": {
    "acc: ": 90.68,
    "f1: ": 0.871,
    "auc: ": 0.993
  },
  "epoch:35": {
    "acc: ": 90.6,
    "f1: ": 0.87,
    "auc: ": 0.992
  },
  "epoch:46": {
    "acc: ": 90.32,
    "f1: ": 0.87,
    "auc: ": 0.992
  },
  "epoch:43": {
    "acc: ": 90.3,
    "f1: ": 0.871,
    "auc: ": 0.992
  },
  "epoch:36": {
    "acc: ": 90.29,
    "f1: ": 0.869,
    "auc: ": 0.992
  },
  "epoch:40": {
    "acc: ": 90.24,
    "f1: ": 0.87,
    "auc: ": 0.992
  },
  "epoch:48": {
    "acc: ": 90.15,
    "f1: ": 0.869,
    "auc: ": 0.992
  },
  "epoch:47": {
    "acc: ": 90.1,
    "f1: ": 0.868,
    "auc: ": 0.991
  },
  "epoch:32": {
    "acc: ": 90.08,
    "f1: ": 0.863,
    "auc: ": 0.991
  },
  "epoch:49": {
    "acc: ": 90.05,
    "f1: ": 0.867,
    "auc: ": 0.991
  },
  "best10_mean": 90.281,
  "best10_f1_mean": 0.8687999999999999,
  "best10_auc_mean": 0.9917999999999999
}