{
  "epoch:23": {
    "acc: ": 90.44,
    "f1: ": 0.885,
    "auc: ": 0.991
  },
  "epoch:41": {
    "acc: ": 90.23,
    "f1: ": 0.877,
    "auc: ": 0.992
  },
  "epoch:12": {
    "acc: ": 90.12,
    "f1: ": 0.879,
    "auc: ": 0.987
  },
  "epoch:30": {
    "acc: ": 90.12,
    "f1: ": 0.877,
    "auc: ": 0.992
  },
  "epoch:21": {
    "acc: ": 90.09,
    "f1: ": 0.873,
    "auc: ": 0.99
  },
  "epoch:28": {
    "acc: ": 89.96,
    "f1: ": 0.869,
    "auc: ": 0.992
  },
  "epoch:35": {
    "acc: ": 89.85,
    "f1: ": 0.876,
    "auc: ": 0.992
  },
  "epoch:34": {
    "acc: ": 89.79,
    "f1: ": 0.873,
    "auc: ": 0.992
  },
  "epoch:32": {
    "acc: ": 89.76,
    "f1: ": 0.865,
    "auc: ": 0.99
  },
  "epoch:47": {
    "acc: ": 89.39,
    "f1: ": 0.869,
    "auc: ": 0.991
  },
  "best10_mean": 89.975,
  "best10_f1_mean": 0.8743000000000001,
  "best10_auc_mean": 0.9908999999999999
}