{
  "epoch:45": {
    "acc: ": 93.3,
    "f1: ": 0.909,
    "auc: ": 0.992
  },
  "epoch:33": {
    "acc: ": 93.23,
    "f1: ": 0.906,
    "auc: ": 0.993
  },
  "epoch:46": {
    "acc: ": 93.12,
    "f1: ": 0.907,
    "auc: ": 0.991
  },
  "epoch:39": {
    "acc: ": 93.07,
    "f1: ": 0.909,
    "auc: ": 0.992
  },
  "epoch:49": {
    "acc: ": 93.0,
    "f1: ": 0.907,
    "auc: ": 0.991
  },
  "epoch:48": {
    "acc: ": 92.99,
    "f1: ": 0.907,
    "auc: ": 0.991
  },
  "epoch:47": {
    "acc: ": 92.91,
    "f1: ": 0.905,
    "auc: ": 0.991
  },
  "epoch:42": {
    "acc: ": 92.83,
    "f1: ": 0.905,
    "auc: ": 0.992
  },
  "epoch:40": {
    "acc: ": 92.78,
    "f1: ": 0.9,
    "auc: ": 0.989
  },
  "epoch:37": {
    "acc: ": 92.69,
    "f1: ": 0.902,
    "auc: ": 0.99
  },
  "best10_mean": 92.99199999999999,
  "best10_f1_mean": 0.9057000000000001,
  "best10_auc_mean": 0.9911999999999999
}