{
  "epoch:35": {
    "acc: ": 92.09,
    "f1: ": 0.889,
    "auc: ": 0.993
  },
  "epoch:39": {
    "acc: ": 92.03,
    "f1: ": 0.886,
    "auc: ": 0.992
  },
  "epoch:41": {
    "acc: ": 91.57,
    "f1: ": 0.884,
    "auc: ": 0.991
  },
  "epoch:20": {
    "acc: ": 91.55,
    "f1: ": 0.885,
    "auc: ": 0.993
  },
  "epoch:25": {
    "acc: ": 91.43,
    "f1: ": 0.887,
    "auc: ": 0.993
  },
  "epoch:28": {
    "acc: ": 91.32,
    "f1: ": 0.876,
    "auc: ": 0.993
  },
  "epoch:31": {
    "acc: ": 90.92,
    "f1: ": 0.869,
    "auc: ": 0.991
  },
  "epoch:40": {
    "acc: ": 90.87,
    "f1: ": 0.876,
    "auc: ": 0.988
  },
  "epoch:34": {
    "acc: ": 90.81,
    "f1: ": 0.884,
    "auc: ": 0.989
  },
  "epoch:18": {
    "acc: ": 90.78,
    "f1: ": 0.879,
    "auc: ": 0.992
  },
  "best10_mean": 91.33699999999999,
  "best10_f1_mean": 0.8815,
  "best10_auc_mean": 0.9914999999999999
}