{
  "epoch:34": {
    "acc: ": 87.95,
    "f1: ": 0.828,
    "auc: ": 0.982
  },
  "epoch:47": {
    "acc: ": 87.24,
    "f1: ": 0.814,
    "auc: ": 0.974
  },
  "epoch:37": {
    "acc: ": 87.23,
    "f1: ": 0.816,
    "auc: ": 0.978
  },
  "epoch:48": {
    "acc: ": 87.18,
    "f1: ": 0.814,
    "auc: ": 0.974
  },
  "epoch:45": {
    "acc: ": 87.16,
    "f1: ": 0.811,
    "auc: ": 0.973
  },
  "epoch:49": {
    "acc: ": 87.16,
    "f1: ": 0.814,
    "auc: ": 0.973
  },
  "epoch:46": {
    "acc: ": 87.12,
    "f1: ": 0.812,
    "auc: ": 0.974
  },
  "epoch:36": {
    "acc: ": 87.02,
    "f1: ": 0.811,
    "auc: ": 0.973
  },
  "epoch:38": {
    "acc: ": 86.97,
    "f1: ": 0.812,
    "auc: ": 0.975
  },
  "epoch:35": {
    "acc: ": 86.82,
    "f1: ": 0.814,
    "auc: ": 0.979
  },
  "best10_mean": 87.18499999999999,
  "best10_f1_mean": 0.8146000000000001,
  "best10_auc_mean": 0.9754999999999999
}