{
  "epoch:35": {
    "acc: ": 93.53,
    "f1: ": 0.91,
    "auc: ": 0.995
  },
  "epoch:44": {
    "acc: ": 93.46,
    "f1: ": 0.911,
    "auc: ": 0.993
  },
  "epoch:38": {
    "acc: ": 93.45,
    "f1: ": 0.908,
    "auc: ": 0.995
  },
  "epoch:49": {
    "acc: ": 93.45,
    "f1: ": 0.911,
    "auc: ": 0.993
  },
  "epoch:42": {
    "acc: ": 93.43,
    "f1: ": 0.911,
    "auc: ": 0.993
  },
  "epoch:48": {
    "acc: ": 93.37,
    "f1: ": 0.91,
    "auc: ": 0.992
  },
  "epoch:47": {
    "acc: ": 93.35,
    "f1: ": 0.911,
    "auc: ": 0.993
  },
  "epoch:46": {
    "acc: ": 93.3,
    "f1: ": 0.91,
    "auc: ": 0.992
  },
  "epoch:45": {
    "acc: ": 93.12,
    "f1: ": 0.908,
    "auc: ": 0.993
  },
  "epoch:41": {
    "acc: ": 93.1,
    "f1: ": 0.905,
    "auc: ": 0.993
  },
  "best10_mean": 93.35600000000001,
  "best10_f1_mean": 0.9094999999999999,
  "best10_auc_mean": 0.9932000000000001
}