{
  "epoch:42": {
    "acc: ": 92.42,
    "f1: ": 0.901,
    "auc: ": 0.993
  },
  "epoch:39": {
    "acc: ": 92.31,
    "f1: ": 0.902,
    "auc: ": 0.993
  },
  "epoch:46": {
    "acc: ": 91.8,
    "f1: ": 0.894,
    "auc: ": 0.993
  },
  "epoch:30": {
    "acc: ": 91.66,
    "f1: ": 0.888,
    "auc: ": 0.992
  },
  "epoch:47": {
    "acc: ": 91.65,
    "f1: ": 0.892,
    "auc: ": 0.993
  },
  "epoch:48": {
    "acc: ": 91.54,
    "f1: ": 0.891,
    "auc: ": 0.992
  },
  "epoch:49": {
    "acc: ": 91.5,
    "f1: ": 0.891,
    "auc: ": 0.992
  },
  "epoch:44": {
    "acc: ": 91.42,
    "f1: ": 0.888,
    "auc: ": 0.991
  },
  "epoch:45": {
    "acc: ": 91.36,
    "f1: ": 0.889,
    "auc: ": 0.992
  },
  "epoch:43": {
    "acc: ": 91.33,
    "f1: ": 0.89,
    "auc: ": 0.992
  },
  "best10_mean": 91.699,
  "best10_f1_mean": 0.8926000000000001,
  "best10_auc_mean": 0.9923000000000002
}