{
  "epoch:40": {
    "acc: ": 89.48,
    "f1: ": 0.858,
    "auc: ": 0.992
  },
  "epoch:48": {
    "acc: ": 89.09,
    "f1: ": 0.847,
    "auc: ": 0.991
  },
  "epoch:49": {
    "acc: ": 88.93,
    "f1: ": 0.844,
    "auc: ": 0.991
  },
  "epoch:47": {
    "acc: ": 88.82,
    "f1: ": 0.843,
    "auc: ": 0.991
  },
  "epoch:45": {
    "acc: ": 88.8,
    "f1: ": 0.845,
    "auc: ": 0.991
  },
  "epoch:39": {
    "acc: ": 88.77,
    "f1: ": 0.846,
    "auc: ": 0.99
  },
  "epoch:44": {
    "acc: ": 88.71,
    "f1: ": 0.842,
    "auc: ": 0.991
  },
  "epoch:41": {
    "acc: ": 88.66,
    "f1: ": 0.842,
    "auc: ": 0.99
  },
  "epoch:35": {
    "acc: ": 88.58,
    "f1: ": 0.85,
    "auc: ": 0.991
  },
  "epoch:46": {
    "acc: ": 88.49,
    "f1: ": 0.836,
    "auc: ": 0.991
  },
  "best10_mean": 88.833,
  "best10_f1_mean": 0.8452999999999999,
  "best10_auc_mean": 0.9909000000000001
}