{
  "epoch:35": {
    "acc: ": 90.53,
    "f1: ": 0.871,
    "auc: ": 0.993
  },
  "epoch:37": {
    "acc: ": 90.43,
    "f1: ": 0.871,
    "auc: ": 0.987
  },
  "epoch:27": {
    "acc: ": 89.74,
    "f1: ": 0.849,
    "auc: ": 0.99
  },
  "epoch:41": {
    "acc: ": 89.55,
    "f1: ": 0.852,
    "auc: ": 0.977
  },
  "epoch:25": {
    "acc: ": 89.48,
    "f1: ": 0.852,
    "auc: ": 0.972
  },
  "epoch:42": {
    "acc: ": 89.36,
    "f1: ": 0.856,
    "auc: ": 0.968
  },
  "epoch:45": {
    "acc: ": 89.18,
    "f1: ": 0.849,
    "auc: ": 0.978
  },
  "epoch:33": {
    "acc: ": 89.12,
    "f1: ": 0.855,
    "auc: ": 0.962
  },
  "epoch:39": {
    "acc: ": 89.01,
    "f1: ": 0.853,
    "auc: ": 0.979
  },
  "epoch:49": {
    "acc: ": 88.88,
    "f1: ": 0.846,
    "auc: ": 0.972
  },
  "best10_mean": 89.52799999999999,
  "best10_f1_mean": 0.8554,
  "best10_auc_mean": 0.9777999999999999
}