{
  "epoch:38": {
    "acc: ": 94.24,
    "f1: ": 0.921,
    "auc: ": 0.996
  },
  "epoch:30": {
    "acc: ": 93.62,
    "f1: ": 0.909,
    "auc: ": 0.996
  },
  "epoch:39": {
    "acc: ": 93.53,
    "f1: ": 0.905,
    "auc: ": 0.996
  },
  "epoch:46": {
    "acc: ": 93.49,
    "f1: ": 0.907,
    "auc: ": 0.996
  },
  "epoch:45": {
    "acc: ": 93.45,
    "f1: ": 0.908,
    "auc: ": 0.996
  },
  "epoch:37": {
    "acc: ": 93.37,
    "f1: ": 0.904,
    "auc: ": 0.996
  },
  "epoch:41": {
    "acc: ": 93.37,
    "f1: ": 0.903,
    "auc: ": 0.994
  },
  "epoch:47": {
    "acc: ": 93.34,
    "f1: ": 0.903,
    "auc: ": 0.995
  },
  "epoch:44": {
    "acc: ": 93.23,
    "f1: ": 0.903,
    "auc: ": 0.995
  },
  "epoch:35": {
    "acc: ": 93.15,
    "f1: ": 0.905,
    "auc: ": 0.996
  },
  "best10_mean": 93.47900000000001,
  "best10_f1_mean": 0.9068000000000002,
  "best10_auc_mean": 0.9956000000000002
}