{
  "epoch:29": {
    "acc: ": 91.99,
    "f1: ": 0.894,
    "auc: ": 0.989
  },
  "epoch:46": {
    "acc: ": 91.14,
    "f1: ": 0.881,
    "auc: ": 0.99
  },
  "epoch:47": {
    "acc: ": 91.11,
    "f1: ": 0.88,
    "auc: ": 0.99
  },
  "epoch:25": {
    "acc: ": 91.06,
    "f1: ": 0.881,
    "auc: ": 0.991
  },
  "epoch:38": {
    "acc: ": 91.06,
    "f1: ": 0.884,
    "auc: ": 0.987
  },
  "epoch:49": {
    "acc: ": 90.81,
    "f1: ": 0.876,
    "auc: ": 0.99
  },
  "epoch:48": {
    "acc: ": 90.78,
    "f1: ": 0.875,
    "auc: ": 0.99
  },
  "epoch:41": {
    "acc: ": 90.76,
    "f1: ": 0.882,
    "auc: ": 0.988
  },
  "epoch:45": {
    "acc: ": 90.68,
    "f1: ": 0.875,
    "auc: ": 0.99
  },
  "epoch:37": {
    "acc: ": 90.64,
    "f1: ": 0.877,
    "auc: ": 0.989
  },
  "best10_mean": 91.00300000000001,
  "best10_f1_mean": 0.8805,
  "best10_auc_mean": 0.9894000000000002
}