{
  "epoch:44": {
    "acc: ": 86.18,
    "f1: ": 0.824,
    "auc: ": 0.983
  },
  "epoch:46": {
    "acc: ": 86.03,
    "f1: ": 0.821,
    "auc: ": 0.982
  },
  "epoch:48": {
    "acc: ": 85.82,
    "f1: ": 0.82,
    "auc: ": 0.982
  },
  "epoch:49": {
    "acc: ": 85.79,
    "f1: ": 0.819,
    "auc: ": 0.982
  },
  "epoch:42": {
    "acc: ": 85.62,
    "f1: ": 0.82,
    "auc: ": 0.982
  },
  "epoch:34": {
    "acc: ": 85.58,
    "f1: ": 0.817,
    "auc: ": 0.982
  },
  "epoch:47": {
    "acc: ": 85.38,
    "f1: ": 0.815,
    "auc: ": 0.981
  },
  "epoch:41": {
    "acc: ": 85.27,
    "f1: ": 0.815,
    "auc: ": 0.98
  },
  "epoch:40": {
    "acc: ": 85.24,
    "f1: ": 0.813,
    "auc: ": 0.983
  },
  "epoch:30": {
    "acc: ": 85.16,
    "f1: ": 0.815,
    "auc: ": 0.985
  },
  "best10_mean": 85.607,
  "best10_f1_mean": 0.8179000000000001,
  "best10_auc_mean": 0.9822000000000001
}