{
  "epoch:20": {
    "acc: ": 92.06,
    "f1: ": 0.899,
    "auc: ": 0.994
  },
  "epoch:45": {
    "acc: ": 91.99,
    "f1: ": 0.895,
    "auc: ": 0.992
  },
  "epoch:46": {
    "acc: ": 91.99,
    "f1: ": 0.894,
    "auc: ": 0.991
  },
  "epoch:33": {
    "acc: ": 91.93,
    "f1: ": 0.893,
    "auc: ": 0.993
  },
  "epoch:44": {
    "acc: ": 91.76,
    "f1: ": 0.893,
    "auc: ": 0.992
  },
  "epoch:34": {
    "acc: ": 91.71,
    "f1: ": 0.891,
    "auc: ": 0.994
  },
  "epoch:47": {
    "acc: ": 91.69,
    "f1: ": 0.892,
    "auc: ": 0.991
  },
  "epoch:48": {
    "acc: ": 91.57,
    "f1: ": 0.891,
    "auc: ": 0.991
  },
  "epoch:49": {
    "acc: ": 91.54,
    "f1: ": 0.89,
    "auc: ": 0.991
  },
  "epoch:43": {
    "acc: ": 91.41,
    "f1: ": 0.884,
    "auc: ": 0.99
  },
  "best10_mean": 91.765,
  "best10_f1_mean": 0.8922000000000001,
  "best10_auc_mean": 0.9918999999999999
}