{
  "epoch:35": {
    "acc: ": 93.97,
    "f1: ": 0.919,
    "auc: ": 0.995
  },
  "epoch:37": {
    "acc: ": 93.84,
    "f1: ": 0.921,
    "auc: ": 0.995
  },
  "epoch:38": {
    "acc: ": 93.83,
    "f1: ": 0.922,
    "auc: ": 0.994
  },
  "epoch:43": {
    "acc: ": 93.68,
    "f1: ": 0.916,
    "auc: ": 0.994
  },
  "epoch:44": {
    "acc: ": 93.64,
    "f1: ": 0.916,
    "auc: ": 0.995
  },
  "epoch:45": {
    "acc: ": 93.56,
    "f1: ": 0.915,
    "auc: ": 0.995
  },
  "epoch:46": {
    "acc: ": 93.49,
    "f1: ": 0.914,
    "auc: ": 0.994
  },
  "epoch:41": {
    "acc: ": 93.46,
    "f1: ": 0.915,
    "auc: ": 0.995
  },
  "epoch:47": {
    "acc: ": 93.35,
    "f1: ": 0.913,
    "auc: ": 0.994
  },
  "epoch:34": {
    "acc: ": 93.27,
    "f1: ": 0.907,
    "auc: ": 0.995
  },
  "best10_mean": 93.60900000000001,
  "best10_f1_mean": 0.9158,
  "best10_auc_mean": 0.9945999999999999
}