{
  "epoch:29": {
    "acc: ": 89.45,
    "f1: ": 0.859,
    "auc: ": 0.989
  },
  "epoch:28": {
    "acc: ": 89.15,
    "f1: ": 0.861,
    "auc: ": 0.989
  },
  "epoch:43": {
    "acc: ": 88.79,
    "f1: ": 0.851,
    "auc: ": 0.99
  },
  "epoch:15": {
    "acc: ": 88.6,
    "f1: ": 0.85,
    "auc: ": 0.989
  },
  "epoch:20": {
    "acc: ": 88.57,
    "f1: ": 0.843,
    "auc: ": 0.99
  },
  "epoch:38": {
    "acc: ": 88.38,
    "f1: ": 0.848,
    "auc: ": 0.989
  },
  "epoch:32": {
    "acc: ": 88.3,
    "f1: ": 0.842,
    "auc: ": 0.988
  },
  "epoch:47": {
    "acc: ": 88.08,
    "f1: ": 0.845,
    "auc: ": 0.989
  },
  "epoch:17": {
    "acc: ": 88.06,
    "f1: ": 0.845,
    "auc: ": 0.989
  },
  "epoch:48": {
    "acc: ": 87.89,
    "f1: ": 0.843,
    "auc: ": 0.989
  },
  "best10_mean": 88.52700000000002,
  "best10_f1_mean": 0.8486999999999998,
  "best10_auc_mean": 0.9891
}