{
  "epoch:35": {
    "acc: ": 81.38,
    "f1: ": 0.756,
    "auc: ": 0.977
  },
  "epoch:32": {
    "acc: ": 80.93,
    "f1: ": 0.75,
    "auc: ": 0.97
  },
  "epoch:16": {
    "acc: ": 79.96,
    "f1: ": 0.74,
    "auc: ": 0.973
  },
  "epoch:9": {
    "acc: ": 79.5,
    "f1: ": 0.749,
    "auc: ": 0.954
  },
  "epoch:25": {
    "acc: ": 77.33,
    "f1: ": 0.738,
    "auc: ": 0.973
  },
  "epoch:41": {
    "acc: ": 77.1,
    "f1: ": 0.707,
    "auc: ": 0.977
  },
  "epoch:37": {
    "acc: ": 75.95,
    "f1: ": 0.714,
    "auc: ": 0.974
  },
  "epoch:34": {
    "acc: ": 75.21,
    "f1: ": 0.668,
    "auc: ": 0.966
  },
  "epoch:10": {
    "acc: ": 74.77,
    "f1: ": 0.712,
    "auc: ": 0.951
  },
  "epoch:46": {
    "acc: ": 74.4,
    "f1: ": 0.686,
    "auc: ": 0.967
  },
  "best10_mean": 77.65299999999999,
  "best10_f1_mean": 0.722,
  "best10_auc_mean": 0.9682000000000001
}