{
  "epoch:41": {
    "acc: ": 91.57,
    "f1: ": 0.882,
    "auc: ": 0.993
  },
  "epoch:48": {
    "acc: ": 91.49,
    "f1: ": 0.878,
    "auc: ": 0.992
  },
  "epoch:38": {
    "acc: ": 91.46,
    "f1: ": 0.88,
    "auc: ": 0.993
  },
  "epoch:44": {
    "acc: ": 91.46,
    "f1: ": 0.88,
    "auc: ": 0.993
  },
  "epoch:49": {
    "acc: ": 91.35,
    "f1: ": 0.876,
    "auc: ": 0.993
  },
  "epoch:42": {
    "acc: ": 91.22,
    "f1: ": 0.878,
    "auc: ": 0.993
  },
  "epoch:46": {
    "acc: ": 91.2,
    "f1: ": 0.874,
    "auc: ": 0.992
  },
  "epoch:47": {
    "acc: ": 91.17,
    "f1: ": 0.874,
    "auc: ": 0.992
  },
  "epoch:45": {
    "acc: ": 91.14,
    "f1: ": 0.876,
    "auc: ": 0.993
  },
  "epoch:43": {
    "acc: ": 91.09,
    "f1: ": 0.873,
    "auc: ": 0.992
  },
  "best10_mean": 91.315,
  "best10_f1_mean": 0.8770999999999999,
  "best10_auc_mean": 0.9925999999999998
}