{
  "epoch:12": {
    "acc: ": 81.67,
    "f1: ": 0.798,
    "auc: ": 0.984
  },
  "epoch:18": {
    "acc: ": 81.21,
    "f1: ": 0.771,
    "auc: ": 0.984
  },
  "epoch:31": {
    "acc: ": 80.45,
    "f1: ": 0.771,
    "auc: ": 0.983
  },
  "epoch:36": {
    "acc: ": 80.15,
    "f1: ": 0.762,
    "auc: ": 0.979
  },
  "epoch:22": {
    "acc: ": 79.8,
    "f1: ": 0.771,
    "auc: ": 0.981
  },
  "epoch:41": {
    "acc: ": 78.97,
    "f1: ": 0.763,
    "auc: ": 0.974
  },
  "epoch:25": {
    "acc: ": 78.92,
    "f1: ": 0.752,
    "auc: ": 0.983
  },
  "epoch:24": {
    "acc: ": 78.54,
    "f1: ": 0.748,
    "auc: ": 0.979
  },
  "epoch:20": {
    "acc: ": 78.4,
    "f1: ": 0.748,
    "auc: ": 0.978
  },
  "epoch:40": {
    "acc: ": 78.27,
    "f1: ": 0.751,
    "auc: ": 0.974
  },
  "best10_mean": 79.63799999999999,
  "best10_f1_mean": 0.7635000000000001,
  "best10_auc_mean": 0.9799000000000001
}