{
  "epoch:36": {
    "acc: ": 92.97,
    "f1: ": 0.908,
    "auc: ": 0.995
  },
  "epoch:42": {
    "acc: ": 92.15,
    "f1: ": 0.901,
    "auc: ": 0.992
  },
  "epoch:49": {
    "acc: ": 92.01,
    "f1: ": 0.897,
    "auc: ": 0.993
  },
  "epoch:47": {
    "acc: ": 91.99,
    "f1: ": 0.896,
    "auc: ": 0.994
  },
  "epoch:46": {
    "acc: ": 91.95,
    "f1: ": 0.893,
    "auc: ": 0.993
  },
  "epoch:44": {
    "acc: ": 91.88,
    "f1: ": 0.898,
    "auc: ": 0.992
  },
  "epoch:45": {
    "acc: ": 91.76,
    "f1: ": 0.894,
    "auc: ": 0.993
  },
  "epoch:48": {
    "acc: ": 91.55,
    "f1: ": 0.892,
    "auc: ": 0.993
  },
  "epoch:37": {
    "acc: ": 91.44,
    "f1: ": 0.892,
    "auc: ": 0.994
  },
  "epoch:39": {
    "acc: ": 91.44,
    "f1: ": 0.887,
    "auc: ": 0.992
  },
  "best10_mean": 91.91400000000002,
  "best10_f1_mean": 0.8958,
  "best10_auc_mean": 0.9931000000000001
}