{
  "epoch:39": {
    "acc: ": 91.54,
    "f1: ": 0.891,
    "auc: ": 0.994
  },
  "epoch:44": {
    "acc: ": 91.11,
    "f1: ": 0.883,
    "auc: ": 0.992
  },
  "epoch:31": {
    "acc: ": 91.09,
    "f1: ": 0.885,
    "auc: ": 0.992
  },
  "epoch:40": {
    "acc: ": 90.94,
    "f1: ": 0.882,
    "auc: ": 0.992
  },
  "epoch:47": {
    "acc: ": 90.92,
    "f1: ": 0.884,
    "auc: ": 0.993
  },
  "epoch:48": {
    "acc: ": 90.87,
    "f1: ": 0.883,
    "auc: ": 0.992
  },
  "epoch:46": {
    "acc: ": 90.81,
    "f1: ": 0.881,
    "auc: ": 0.992
  },
  "epoch:45": {
    "acc: ": 90.76,
    "f1: ": 0.883,
    "auc: ": 0.992
  },
  "epoch:49": {
    "acc: ": 90.75,
    "f1: ": 0.882,
    "auc: ": 0.992
  },
  "epoch:43": {
    "acc: ": 90.72,
    "f1: ": 0.878,
    "auc: ": 0.992
  },
  "best10_mean": 90.951,
  "best10_f1_mean": 0.8831999999999999,
  "best10_auc_mean": 0.9923000000000002
}