{
  "epoch:33": {
    "acc: ": 92.59,
    "f1: ": 0.902,
    "auc: ": 0.993
  },
  "epoch:40": {
    "acc: ": 91.74,
    "f1: ": 0.898,
    "auc: ": 0.993
  },
  "epoch:41": {
    "acc: ": 91.68,
    "f1: ": 0.893,
    "auc: ": 0.993
  },
  "epoch:25": {
    "acc: ": 91.62,
    "f1: ": 0.892,
    "auc: ": 0.994
  },
  "epoch:35": {
    "acc: ": 91.58,
    "f1: ": 0.89,
    "auc: ": 0.993
  },
  "epoch:38": {
    "acc: ": 91.58,
    "f1: ": 0.891,
    "auc: ": 0.994
  },
  "epoch:42": {
    "acc: ": 91.54,
    "f1: ": 0.89,
    "auc: ": 0.993
  },
  "epoch:39": {
    "acc: ": 91.39,
    "f1: ": 0.889,
    "auc: ": 0.993
  },
  "epoch:49": {
    "acc: ": 91.33,
    "f1: ": 0.89,
    "auc: ": 0.993
  },
  "epoch:36": {
    "acc: ": 91.3,
    "f1: ": 0.884,
    "auc: ": 0.993
  },
  "best10_mean": 91.63499999999999,
  "best10_f1_mean": 0.8919,
  "best10_auc_mean": 0.9932000000000001
}