{
  "epoch:15": {
    "acc: ": 91.69,
    "f1: ": 0.889,
    "auc: ": 0.984
  },
  "epoch:23": {
    "acc: ": 91.06,
    "f1: ": 0.883,
    "auc: ": 0.989
  },
  "epoch:34": {
    "acc: ": 90.79,
    "f1: ": 0.874,
    "auc: ": 0.988
  },
  "epoch:27": {
    "acc: ": 90.3,
    "f1: ": 0.867,
    "auc: ": 0.987
  },
  "epoch:20": {
    "acc: ": 90.26,
    "f1: ": 0.884,
    "auc: ": 0.986
  },
  "epoch:24": {
    "acc: ": 90.18,
    "f1: ": 0.866,
    "auc: ": 0.985
  },
  "epoch:25": {
    "acc: ": 90.15,
    "f1: ": 0.865,
    "auc: ": 0.991
  },
  "epoch:22": {
    "acc: ": 89.88,
    "f1: ": 0.873,
    "auc: ": 0.989
  },
  "epoch:33": {
    "acc: ": 89.85,
    "f1: ": 0.867,
    "auc: ": 0.989
  },
  "epoch:32": {
    "acc: ": 89.69,
    "f1: ": 0.864,
    "auc: ": 0.983
  },
  "best10_mean": 90.38499999999999,
  "best10_f1_mean": 0.8732000000000001,
  "best10_auc_mean": 0.9871000000000001
}