{
  "epoch:47": {
    "acc: ": 73.18,
    "f1: ": 0.732,
    "auc: ": 0.916
  },
  "epoch:49": {
    "acc: ": 73.04,
    "f1: ": 0.731,
    "auc: ": 0.916
  },
  "epoch:40": {
    "acc: ": 72.64,
    "f1: ": 0.726,
    "auc: ": 0.913
  },
  "epoch:48": {
    "acc: ": 72.57,
    "f1: ": 0.727,
    "auc: ": 0.915
  },
  "epoch:46": {
    "acc: ": 72.18,
    "f1: ": 0.723,
    "auc: ": 0.913
  },
  "epoch:44": {
    "acc: ": 72.04,
    "f1: ": 0.721,
    "auc: ": 0.912
  },
  "epoch:45": {
    "acc: ": 71.68,
    "f1: ": 0.718,
    "auc: ": 0.914
  },
  "epoch:43": {
    "acc: ": 71.21,
    "f1: ": 0.713,
    "auc: ": 0.908
  },
  "epoch:42": {
    "acc: ": 71.0,
    "f1: ": 0.71,
    "auc: ": 0.912
  },
  "epoch:37": {
    "acc: ": 69.96,
    "f1: ": 0.699,
    "auc: ": 0.895
  },
  "best10_mean": 71.95000000000002,
  "best10_f1_mean": 0.72,
  "best10_auc_mean": 0.9114000000000001
}