{
  "epoch:49": {
    "acc: ": 76.54,
    "f1: ": 0.765,
    "auc: ": 0.94
  },
  "epoch:47": {
    "acc: ": 76.32,
    "f1: ": 0.762,
    "auc: ": 0.94
  },
  "epoch:48": {
    "acc: ": 76.18,
    "f1: ": 0.762,
    "auc: ": 0.939
  },
  "epoch:46": {
    "acc: ": 75.29,
    "f1: ": 0.754,
    "auc: ": 0.934
  },
  "epoch:45": {
    "acc: ": 75.04,
    "f1: ": 0.751,
    "auc: ": 0.933
  },
  "epoch:39": {
    "acc: ": 75.0,
    "f1: ": 0.751,
    "auc: ": 0.931
  },
  "epoch:43": {
    "acc: ": 74.64,
    "f1: ": 0.745,
    "auc: ": 0.928
  },
  "epoch:42": {
    "acc: ": 74.57,
    "f1: ": 0.743,
    "auc: ": 0.935
  },
  "epoch:40": {
    "acc: ": 74.18,
    "f1: ": 0.738,
    "auc: ": 0.924
  },
  "epoch:44": {
    "acc: ": 74.07,
    "f1: ": 0.741,
    "auc: ": 0.93
  },
  "best10_mean": 75.18300000000002,
  "best10_f1_mean": 0.7512000000000001,
  "best10_auc_mean": 0.9334
}