{
  "epoch:22": {
    "acc: ": 90.13,
    "f1: ": 0.867,
    "auc: ": 0.99
  },
  "epoch:11": {
    "acc: ": 89.53,
    "f1: ": 0.852,
    "auc: ": 0.989
  },
  "epoch:35": {
    "acc: ": 89.12,
    "f1: ": 0.845,
    "auc: ": 0.984
  },
  "epoch:36": {
    "acc: ": 88.71,
    "f1: ": 0.837,
    "auc: ": 0.982
  },
  "epoch:28": {
    "acc: ": 88.51,
    "f1: ": 0.848,
    "auc: ": 0.986
  },
  "epoch:15": {
    "acc: ": 88.41,
    "f1: ": 0.845,
    "auc: ": 0.99
  },
  "epoch:24": {
    "acc: ": 88.41,
    "f1: ": 0.83,
    "auc: ": 0.979
  },
  "epoch:37": {
    "acc: ": 88.13,
    "f1: ": 0.847,
    "auc: ": 0.989
  },
  "epoch:14": {
    "acc: ": 88.11,
    "f1: ": 0.838,
    "auc: ": 0.98
  },
  "epoch:32": {
    "acc: ": 87.88,
    "f1: ": 0.831,
    "auc: ": 0.975
  },
  "best10_mean": 88.69399999999999,
  "best10_f1_mean": 0.844,
  "best10_auc_mean": 0.9843999999999999
}