{
  "epoch:41": {
    "acc: ": 90.7,
    "f1: ": 0.864,
    "auc: ": 0.988
  },
  "epoch:43": {
    "acc: ": 90.62,
    "f1: ": 0.864,
    "auc: ": 0.99
  },
  "epoch:40": {
    "acc: ": 90.59,
    "f1: ": 0.858,
    "auc: ": 0.987
  },
  "epoch:42": {
    "acc: ": 90.23,
    "f1: ": 0.854,
    "auc: ": 0.984
  },
  "epoch:45": {
    "acc: ": 90.23,
    "f1: ": 0.861,
    "auc: ": 0.989
  },
  "epoch:44": {
    "acc: ": 90.21,
    "f1: ": 0.862,
    "auc: ": 0.988
  },
  "epoch:49": {
    "acc: ": 90.04,
    "f1: ": 0.857,
    "auc: ": 0.987
  },
  "epoch:46": {
    "acc: ": 89.94,
    "f1: ": 0.858,
    "auc: ": 0.987
  },
  "epoch:48": {
    "acc: ": 89.94,
    "f1: ": 0.856,
    "auc: ": 0.986
  },
  "epoch:47": {
    "acc: ": 89.88,
    "f1: ": 0.854,
    "auc: ": 0.987
  },
  "best10_mean": 90.238,
  "best10_f1_mean": 0.8587999999999999,
  "best10_auc_mean": 0.9873000000000001
}