{
  "epoch:37": {
    "acc: ": 93.26,
    "f1: ": 0.911,
    "auc: ": 0.994
  },
  "epoch:42": {
    "acc: ": 93.26,
    "f1: ": 0.908,
    "auc: ": 0.993
  },
  "epoch:44": {
    "acc: ": 93.24,
    "f1: ": 0.909,
    "auc: ": 0.994
  },
  "epoch:48": {
    "acc: ": 93.15,
    "f1: ": 0.907,
    "auc: ": 0.994
  },
  "epoch:49": {
    "acc: ": 93.07,
    "f1: ": 0.906,
    "auc: ": 0.994
  },
  "epoch:43": {
    "acc: ": 92.94,
    "f1: ": 0.907,
    "auc: ": 0.992
  },
  "epoch:46": {
    "acc: ": 92.93,
    "f1: ": 0.906,
    "auc: ": 0.994
  },
  "epoch:47": {
    "acc: ": 92.93,
    "f1: ": 0.904,
    "auc: ": 0.994
  },
  "epoch:40": {
    "acc: ": 92.91,
    "f1: ": 0.903,
    "auc: ": 0.995
  },
  "epoch:45": {
    "acc: ": 92.89,
    "f1: ": 0.903,
    "auc: ": 0.994
  },
  "best10_mean": 93.05799999999999,
  "best10_f1_mean": 0.9064,
  "best10_auc_mean": 0.9937999999999999
}