{
  "epoch:14": {
    "acc: ": 70.0,
    "f1: ": 0.609,
    "auc: ": 0.879
  },
  "epoch:18": {
    "acc: ": 65.85,
    "f1: ": 0.572,
    "auc: ": 0.899
  },
  "epoch:13": {
    "acc: ": 61.27,
    "f1: ": 0.528,
    "auc: ": 0.877
  },
  "epoch:7": {
    "acc: ": 58.09,
    "f1: ": 0.517,
    "auc: ": 0.851
  },
  "epoch:9": {
    "acc: ": 57.48,
    "f1: ": 0.492,
    "auc: ": 0.853
  },
  "epoch:19": {
    "acc: ": 52.2,
    "f1: ": 0.505,
    "auc: ": 0.861
  },
  "epoch:25": {
    "acc: ": 51.74,
    "f1: ": 0.458,
    "auc: ": 0.822
  },
  "epoch:27": {
    "acc: ": 46.61,
    "f1: ": 0.426,
    "auc: ": 0.851
  },
  "epoch:12": {
    "acc: ": 46.31,
    "f1: ": 0.401,
    "auc: ": 0.837
  },
  "epoch:4": {
    "acc: ": 45.41,
    "f1: ": 0.387,
    "auc: ": 0.83
  },
  "best10_mean": 55.496,
  "best10_f1_mean": 0.48949999999999994,
  "best10_auc_mean": 0.8559999999999999
}