{
  "epoch:36": {
    "acc: ": 92.36,
    "f1: ": 0.902,
    "auc: ": 0.994
  },
  "epoch:33": {
    "acc: ": 92.28,
    "f1: ": 0.903,
    "auc: ": 0.994
  },
  "epoch:38": {
    "acc: ": 92.25,
    "f1: ": 0.898,
    "auc: ": 0.993
  },
  "epoch:25": {
    "acc: ": 92.23,
    "f1: ": 0.904,
    "auc: ": 0.994
  },
  "epoch:39": {
    "acc: ": 92.1,
    "f1: ": 0.899,
    "auc: ": 0.993
  },
  "epoch:40": {
    "acc: ": 92.1,
    "f1: ": 0.899,
    "auc: ": 0.993
  },
  "epoch:47": {
    "acc: ": 91.99,
    "f1: ": 0.896,
    "auc: ": 0.992
  },
  "epoch:49": {
    "acc: ": 91.92,
    "f1: ": 0.896,
    "auc: ": 0.992
  },
  "epoch:48": {
    "acc: ": 91.79,
    "f1: ": 0.895,
    "auc: ": 0.992
  },
  "epoch:45": {
    "acc: ": 91.76,
    "f1: ": 0.894,
    "auc: ": 0.992
  },
  "best10_mean": 92.078,
  "best10_f1_mean": 0.8986000000000001,
  "best10_auc_mean": 0.9929000000000002
}