{
  "epoch:35": {
    "acc: ": 87.76,
    "f1: ": 0.842,
    "auc: ": 0.983
  },
  "epoch:32": {
    "acc: ": 87.68,
    "f1: ": 0.847,
    "auc: ": 0.988
  },
  "epoch:39": {
    "acc: ": 87.23,
    "f1: ": 0.837,
    "auc: ": 0.979
  },
  "epoch:25": {
    "acc: ": 87.1,
    "f1: ": 0.842,
    "auc: ": 0.985
  },
  "epoch:23": {
    "acc: ": 86.58,
    "f1: ": 0.823,
    "auc: ": 0.986
  },
  "epoch:18": {
    "acc: ": 86.45,
    "f1: ": 0.834,
    "auc: ": 0.977
  },
  "epoch:45": {
    "acc: ": 86.29,
    "f1: ": 0.835,
    "auc: ": 0.981
  },
  "epoch:37": {
    "acc: ": 85.96,
    "f1: ": 0.827,
    "auc: ": 0.982
  },
  "epoch:34": {
    "acc: ": 85.9,
    "f1: ": 0.803,
    "auc: ": 0.98
  },
  "epoch:40": {
    "acc: ": 85.88,
    "f1: ": 0.833,
    "auc: ": 0.98
  },
  "best10_mean": 86.68299999999999,
  "best10_f1_mean": 0.8322999999999998,
  "best10_auc_mean": 0.9821000000000002
}