{
  "epoch:38": {
    "acc: ": 94.06,
    "f1: ": 0.92,
    "auc: ": 0.992
  },
  "epoch:37": {
    "acc: ": 93.54,
    "f1: ": 0.912,
    "auc: ": 0.992
  },
  "epoch:22": {
    "acc: ": 93.42,
    "f1: ": 0.913,
    "auc: ": 0.993
  },
  "epoch:42": {
    "acc: ": 93.13,
    "f1: ": 0.914,
    "auc: ": 0.993
  },
  "epoch:29": {
    "acc: ": 92.8,
    "f1: ": 0.899,
    "auc: ": 0.992
  },
  "epoch:46": {
    "acc: ": 92.47,
    "f1: ": 0.903,
    "auc: ": 0.991
  },
  "epoch:41": {
    "acc: ": 92.45,
    "f1: ": 0.902,
    "auc: ": 0.99
  },
  "epoch:36": {
    "acc: ": 92.4,
    "f1: ": 0.907,
    "auc: ": 0.991
  },
  "epoch:35": {
    "acc: ": 92.29,
    "f1: ": 0.897,
    "auc: ": 0.994
  },
  "epoch:43": {
    "acc: ": 92.22,
    "f1: ": 0.901,
    "auc: ": 0.991
  },
  "best10_mean": 92.87800000000001,
  "best10_f1_mean": 0.9067999999999999,
  "best10_auc_mean": 0.9918999999999999
}