{
  "epoch:44": {
    "acc: ": 90.54,
    "f1: ": 0.878,
    "auc: ": 0.991
  },
  "epoch:34": {
    "acc: ": 90.27,
    "f1: ": 0.87,
    "auc: ": 0.99
  },
  "epoch:40": {
    "acc: ": 89.86,
    "f1: ": 0.868,
    "auc: ": 0.992
  },
  "epoch:49": {
    "acc: ": 89.8,
    "f1: ": 0.866,
    "auc: ": 0.992
  },
  "epoch:48": {
    "acc: ": 89.67,
    "f1: ": 0.864,
    "auc: ": 0.992
  },
  "epoch:41": {
    "acc: ": 89.48,
    "f1: ": 0.859,
    "auc: ": 0.991
  },
  "epoch:46": {
    "acc: ": 89.29,
    "f1: ": 0.86,
    "auc: ": 0.992
  },
  "epoch:32": {
    "acc: ": 89.09,
    "f1: ": 0.859,
    "auc: ": 0.989
  },
  "epoch:45": {
    "acc: ": 89.04,
    "f1: ": 0.861,
    "auc: ": 0.991
  },
  "epoch:47": {
    "acc: ": 89.04,
    "f1: ": 0.854,
    "auc: ": 0.992
  },
  "best10_mean": 89.60799999999999,
  "best10_f1_mean": 0.8638999999999999,
  "best10_auc_mean": 0.9911999999999999
}