{
  "epoch:44": {
    "acc: ": 91.13,
    "f1: ": 0.882,
    "auc: ": 0.99
  },
  "epoch:47": {
    "acc: ": 90.79,
    "f1: ": 0.879,
    "auc: ": 0.989
  },
  "epoch:49": {
    "acc: ": 90.75,
    "f1: ": 0.878,
    "auc: ": 0.989
  },
  "epoch:48": {
    "acc: ": 90.68,
    "f1: ": 0.877,
    "auc: ": 0.989
  },
  "epoch:46": {
    "acc: ": 90.53,
    "f1: ": 0.875,
    "auc: ": 0.989
  },
  "epoch:40": {
    "acc: ": 90.35,
    "f1: ": 0.875,
    "auc: ": 0.988
  },
  "epoch:45": {
    "acc: ": 90.29,
    "f1: ": 0.872,
    "auc: ": 0.988
  },
  "epoch:37": {
    "acc: ": 90.02,
    "f1: ": 0.873,
    "auc: ": 0.99
  },
  "epoch:43": {
    "acc: ": 89.82,
    "f1: ": 0.871,
    "auc: ": 0.987
  },
  "epoch:30": {
    "acc: ": 89.77,
    "f1: ": 0.87,
    "auc: ": 0.989
  },
  "best10_mean": 90.41299999999998,
  "best10_f1_mean": 0.8751999999999999,
  "best10_auc_mean": 0.9888
}