{
  "epoch:4": {
    "acc: ": 57.62,
    "f1: ": 0.512,
    "auc: ": 0.897
  },
  "epoch:5": {
    "acc: ": 55.33,
    "f1: ": 0.51,
    "auc: ": 0.904
  },
  "epoch:6": {
    "acc: ": 51.19,
    "f1: ": 0.422,
    "auc: ": 0.859
  },
  "epoch:2": {
    "acc: ": 47.5,
    "f1: ": 0.373,
    "auc: ": 0.821
  },
  "epoch:3": {
    "acc: ": 46.31,
    "f1: ": 0.435,
    "auc: ": 0.85
  },
  "epoch:1": {
    "acc: ": 43.08,
    "f1: ": 0.294,
    "auc: ": 0.752
  },
  "epoch:7": {
    "acc: ": 33.32,
    "f1: ": 0.251,
    "auc: ": 0.736
  },
  "epoch:0": {
    "acc: ": 30.43,
    "f1: ": 0.171,
    "auc: ": 0.733
  },
  "epoch:12": {
    "acc: ": 29.35,
    "f1: ": 0.228,
    "auc: ": 0.714
  },
  "epoch:8": {
    "acc: ": 25.77,
    "f1: ": 0.178,
    "auc: ": 0.703
  },
  "best10_mean": 41.989999999999995,
  "best10_f1_mean": 0.3374,
  "best10_auc_mean": 0.7968999999999998
}