{
  "epoch:25": {
    "acc: ": 93.12,
    "f1: ": 0.9,
    "auc: ": 0.994
  },
  "epoch:41": {
    "acc: ": 92.85,
    "f1: ": 0.902,
    "auc: ": 0.993
  },
  "epoch:39": {
    "acc: ": 92.59,
    "f1: ": 0.897,
    "auc: ": 0.993
  },
  "epoch:47": {
    "acc: ": 92.59,
    "f1: ": 0.898,
    "auc: ": 0.994
  },
  "epoch:29": {
    "acc: ": 92.52,
    "f1: ": 0.896,
    "auc: ": 0.994
  },
  "epoch:33": {
    "acc: ": 92.48,
    "f1: ": 0.9,
    "auc: ": 0.994
  },
  "epoch:49": {
    "acc: ": 92.44,
    "f1: ": 0.896,
    "auc: ": 0.994
  },
  "epoch:42": {
    "acc: ": 92.39,
    "f1: ": 0.895,
    "auc: ": 0.994
  },
  "epoch:45": {
    "acc: ": 92.39,
    "f1: ": 0.895,
    "auc: ": 0.994
  },
  "epoch:36": {
    "acc: ": 92.29,
    "f1: ": 0.9,
    "auc: ": 0.995
  },
  "best10_mean": 92.56599999999999,
  "best10_f1_mean": 0.8979000000000001,
  "best10_auc_mean": 0.9938999999999998
}