{
  "epoch:35": {
    "acc: ": 93.59,
    "f1: ": 0.913,
    "auc: ": 0.994
  },
  "epoch:39": {
    "acc: ": 93.49,
    "f1: ": 0.913,
    "auc: ": 0.995
  },
  "epoch:45": {
    "acc: ": 93.43,
    "f1: ": 0.912,
    "auc: ": 0.996
  },
  "epoch:48": {
    "acc: ": 93.21,
    "f1: ": 0.906,
    "auc: ": 0.995
  },
  "epoch:40": {
    "acc: ": 93.12,
    "f1: ": 0.908,
    "auc: ": 0.995
  },
  "epoch:47": {
    "acc: ": 93.12,
    "f1: ": 0.904,
    "auc: ": 0.995
  },
  "epoch:49": {
    "acc: ": 93.1,
    "f1: ": 0.903,
    "auc: ": 0.995
  },
  "epoch:42": {
    "acc: ": 93.02,
    "f1: ": 0.903,
    "auc: ": 0.995
  },
  "epoch:46": {
    "acc: ": 92.8,
    "f1: ": 0.899,
    "auc: ": 0.995
  },
  "epoch:31": {
    "acc: ": 92.74,
    "f1: ": 0.899,
    "auc: ": 0.995
  },
  "best10_mean": 93.162,
  "best10_f1_mean": 0.9060000000000002,
  "best10_auc_mean": 0.9949999999999999
}