{
  "epoch:4": {
    "acc: ": 62.73,
    "f1: ": 0.553,
    "auc: ": 0.915
  },
  "epoch:3": {
    "acc: ": 61.53,
    "f1: ": 0.524,
    "auc: ": 0.906
  },
  "epoch:5": {
    "acc: ": 53.97,
    "f1: ": 0.434,
    "auc: ": 0.846
  },
  "epoch:2": {
    "acc: ": 45.74,
    "f1: ": 0.369,
    "auc: ": 0.809
  },
  "epoch:6": {
    "acc: ": 38.28,
    "f1: ": 0.261,
    "auc: ": 0.769
  },
  "epoch:9": {
    "acc: ": 37.36,
    "f1: ": 0.308,
    "auc: ": 0.754
  },
  "epoch:8": {
    "acc: ": 33.29,
    "f1: ": 0.241,
    "auc: ": 0.749
  },
  "epoch:11": {
    "acc: ": 31.88,
    "f1: ": 0.199,
    "auc: ": 0.638
  },
  "epoch:0": {
    "acc: ": 30.43,
    "f1: ": 0.171,
    "auc: ": 0.733
  },
  "epoch:12": {
    "acc: ": 29.56,
    "f1: ": 0.174,
    "auc: ": 0.632
  },
  "best10_mean": 42.477000000000004,
  "best10_f1_mean": 0.32339999999999997,
  "best10_auc_mean": 0.7750999999999999
}