{
  "epoch:46": {
    "acc: ": 92.29,
    "f1: ": 0.901,
    "auc: ": 0.994
  },
  "epoch:48": {
    "acc: ": 91.85,
    "f1: ": 0.895,
    "auc: ": 0.993
  },
  "epoch:49": {
    "acc: ": 91.84,
    "f1: ": 0.895,
    "auc: ": 0.993
  },
  "epoch:45": {
    "acc: ": 91.82,
    "f1: ": 0.894,
    "auc: ": 0.993
  },
  "epoch:41": {
    "acc: ": 91.79,
    "f1: ": 0.886,
    "auc: ": 0.994
  },
  "epoch:47": {
    "acc: ": 91.66,
    "f1: ": 0.893,
    "auc: ": 0.993
  },
  "epoch:27": {
    "acc: ": 91.3,
    "f1: ": 0.88,
    "auc: ": 0.992
  },
  "epoch:37": {
    "acc: ": 91.27,
    "f1: ": 0.884,
    "auc: ": 0.993
  },
  "epoch:40": {
    "acc: ": 91.24,
    "f1: ": 0.886,
    "auc: ": 0.992
  },
  "epoch:42": {
    "acc: ": 90.75,
    "f1: ": 0.886,
    "auc: ": 0.992
  },
  "best10_mean": 91.58099999999999,
  "best10_f1_mean": 0.8899999999999999,
  "best10_auc_mean": 0.9929000000000002
}