{
  "epoch:39": {
    "acc: ": 93.84,
    "f1: ": 0.92,
    "auc: ": 0.996
  },
  "epoch:42": {
    "acc: ": 93.21,
    "f1: ": 0.916,
    "auc: ": 0.995
  },
  "epoch:27": {
    "acc: ": 93.16,
    "f1: ": 0.901,
    "auc: ": 0.994
  },
  "epoch:48": {
    "acc: ": 93.04,
    "f1: ": 0.91,
    "auc: ": 0.995
  },
  "epoch:34": {
    "acc: ": 92.94,
    "f1: ": 0.9,
    "auc: ": 0.996
  },
  "epoch:46": {
    "acc: ": 92.82,
    "f1: ": 0.908,
    "auc: ": 0.995
  },
  "epoch:49": {
    "acc: ": 92.8,
    "f1: ": 0.907,
    "auc: ": 0.995
  },
  "epoch:47": {
    "acc: ": 92.77,
    "f1: ": 0.906,
    "auc: ": 0.995
  },
  "epoch:38": {
    "acc: ": 92.56,
    "f1: ": 0.906,
    "auc: ": 0.994
  },
  "epoch:44": {
    "acc: ": 92.55,
    "f1: ": 0.905,
    "auc: ": 0.994
  },
  "best10_mean": 92.96899999999998,
  "best10_f1_mean": 0.9079,
  "best10_auc_mean": 0.9949000000000001
}