{
  "epoch:35": {
    "acc: ": 90.81,
    "f1: ": 0.869,
    "auc: ": 0.99
  },
  "epoch:39": {
    "acc: ": 90.64,
    "f1: ": 0.854,
    "auc: ": 0.991
  },
  "epoch:42": {
    "acc: ": 90.59,
    "f1: ": 0.865,
    "auc: ": 0.992
  },
  "epoch:33": {
    "acc: ": 90.56,
    "f1: ": 0.866,
    "auc: ": 0.99
  },
  "epoch:38": {
    "acc: ": 90.4,
    "f1: ": 0.864,
    "auc: ": 0.992
  },
  "epoch:47": {
    "acc: ": 90.37,
    "f1: ": 0.86,
    "auc: ": 0.991
  },
  "epoch:32": {
    "acc: ": 90.34,
    "f1: ": 0.856,
    "auc: ": 0.99
  },
  "epoch:48": {
    "acc: ": 90.23,
    "f1: ": 0.859,
    "auc: ": 0.991
  },
  "epoch:45": {
    "acc: ": 90.18,
    "f1: ": 0.858,
    "auc: ": 0.991
  },
  "epoch:46": {
    "acc: ": 90.07,
    "f1: ": 0.856,
    "auc: ": 0.991
  },
  "best10_mean": 90.41900000000001,
  "best10_f1_mean": 0.8607000000000001,
  "best10_auc_mean": 0.9908999999999999
}