{
  "epoch:27": {
    "acc: ": 90.12,
    "f1: ": 0.861,
    "auc: ": 0.985
  },
  "epoch:29": {
    "acc: ": 89.82,
    "f1: ": 0.856,
    "auc: ": 0.989
  },
  "epoch:30": {
    "acc: ": 89.11,
    "f1: ": 0.847,
    "auc: ": 0.978
  },
  "epoch:12": {
    "acc: ": 88.67,
    "f1: ": 0.837,
    "auc: ": 0.97
  },
  "epoch:42": {
    "acc: ": 87.3,
    "f1: ": 0.821,
    "auc: ": 0.986
  },
  "epoch:13": {
    "acc: ": 87.06,
    "f1: ": 0.818,
    "auc: ": 0.956
  },
  "epoch:49": {
    "acc: ": 86.9,
    "f1: ": 0.817,
    "auc: ": 0.985
  },
  "epoch:48": {
    "acc: ": 86.73,
    "f1: ": 0.815,
    "auc: ": 0.984
  },
  "epoch:47": {
    "acc: ": 86.71,
    "f1: ": 0.814,
    "auc: ": 0.984
  },
  "epoch:35": {
    "acc: ": 86.65,
    "f1: ": 0.815,
    "auc: ": 0.987
  },
  "best10_mean": 87.90700000000001,
  "best10_f1_mean": 0.8300999999999998,
  "best10_auc_mean": 0.9804
}