{
  "epoch:38": {
    "acc: ": 71.25,
    "f1: ": 0.597,
    "auc: ": 0.895
  },
  "epoch:33": {
    "acc: ": 70.87,
    "f1: ": 0.614,
    "auc: ": 0.91
  },
  "epoch:30": {
    "acc: ": 70.79,
    "f1: ": 0.587,
    "auc: ": 0.899
  },
  "epoch:25": {
    "acc: ": 70.49,
    "f1: ": 0.6,
    "auc: ": 0.904
  },
  "epoch:28": {
    "acc: ": 70.44,
    "f1: ": 0.596,
    "auc: ": 0.903
  },
  "epoch:46": {
    "acc: ": 69.89,
    "f1: ": 0.603,
    "auc: ": 0.887
  },
  "epoch:31": {
    "acc: ": 69.75,
    "f1: ": 0.578,
    "auc: ": 0.913
  },
  "epoch:41": {
    "acc: ": 69.3,
    "f1: ": 0.597,
    "auc: ": 0.893
  },
  "epoch:35": {
    "acc: ": 69.18,
    "f1: ": 0.592,
    "auc: ": 0.91
  },
  "epoch:49": {
    "acc: ": 68.86,
    "f1: ": 0.598,
    "auc: ": 0.885
  },
  "best10_mean": 70.08200000000001,
  "best10_f1_mean": 0.5962,
  "best10_auc_mean": 0.8998999999999999
}