{
  "epoch:41": {
    "acc: ": 94.36,
    "f1: ": 0.92,
    "auc: ": 0.996
  },
  "epoch:47": {
    "acc: ": 94.17,
    "f1: ": 0.919,
    "auc: ": 0.996
  },
  "epoch:46": {
    "acc: ": 94.05,
    "f1: ": 0.917,
    "auc: ": 0.996
  },
  "epoch:38": {
    "acc: ": 93.98,
    "f1: ": 0.916,
    "auc: ": 0.996
  },
  "epoch:44": {
    "acc: ": 93.98,
    "f1: ": 0.917,
    "auc: ": 0.996
  },
  "epoch:39": {
    "acc: ": 93.92,
    "f1: ": 0.914,
    "auc: ": 0.996
  },
  "epoch:45": {
    "acc: ": 93.9,
    "f1: ": 0.914,
    "auc: ": 0.995
  },
  "epoch:48": {
    "acc: ": 93.89,
    "f1: ": 0.914,
    "auc: ": 0.995
  },
  "epoch:43": {
    "acc: ": 93.87,
    "f1: ": 0.913,
    "auc: ": 0.996
  },
  "epoch:40": {
    "acc: ": 93.81,
    "f1: ": 0.913,
    "auc: ": 0.996
  },
  "best10_mean": 93.99300000000001,
  "best10_f1_mean": 0.9157,
  "best10_auc_mean": 0.9958000000000002
}