{
  "epoch:35": {
    "acc: ": 93.95,
    "f1: ": 0.918,
    "auc: ": 0.995
  },
  "epoch:45": {
    "acc: ": 93.62,
    "f1: ": 0.916,
    "auc: ": 0.995
  },
  "epoch:27": {
    "acc: ": 93.6,
    "f1: ": 0.91,
    "auc: ": 0.995
  },
  "epoch:46": {
    "acc: ": 93.56,
    "f1: ": 0.915,
    "auc: ": 0.995
  },
  "epoch:39": {
    "acc: ": 93.49,
    "f1: ": 0.912,
    "auc: ": 0.997
  },
  "epoch:47": {
    "acc: ": 93.48,
    "f1: ": 0.913,
    "auc: ": 0.995
  },
  "epoch:42": {
    "acc: ": 93.32,
    "f1: ": 0.91,
    "auc: ": 0.995
  },
  "epoch:43": {
    "acc: ": 93.32,
    "f1: ": 0.912,
    "auc: ": 0.995
  },
  "epoch:49": {
    "acc: ": 93.26,
    "f1: ": 0.91,
    "auc: ": 0.995
  },
  "epoch:28": {
    "acc: ": 93.18,
    "f1: ": 0.903,
    "auc: ": 0.994
  },
  "best10_mean": 93.478,
  "best10_f1_mean": 0.9119000000000002,
  "best10_auc_mean": 0.9951000000000001
}