{
  "epoch:44": {
    "acc: ": 85.95,
    "f1: ": 0.788,
    "auc: ": 0.965
  },
  "epoch:24": {
    "acc: ": 85.93,
    "f1: ": 0.794,
    "auc: ": 0.962
  },
  "epoch:46": {
    "acc: ": 85.92,
    "f1: ": 0.789,
    "auc: ": 0.964
  },
  "epoch:42": {
    "acc: ": 85.9,
    "f1: ": 0.784,
    "auc: ": 0.955
  },
  "epoch:28": {
    "acc: ": 85.88,
    "f1: ": 0.781,
    "auc: ": 0.959
  },
  "epoch:49": {
    "acc: ": 85.77,
    "f1: ": 0.789,
    "auc: ": 0.971
  },
  "epoch:31": {
    "acc: ": 85.71,
    "f1: ": 0.8,
    "auc: ": 0.983
  },
  "epoch:23": {
    "acc: ": 85.68,
    "f1: ": 0.785,
    "auc: ": 0.93
  },
  "epoch:48": {
    "acc: ": 85.46,
    "f1: ": 0.786,
    "auc: ": 0.973
  },
  "epoch:40": {
    "acc: ": 85.44,
    "f1: ": 0.784,
    "auc: ": 0.962
  },
  "best10_mean": 85.76400000000001,
  "best10_f1_mean": 0.788,
  "best10_auc_mean": 0.9623999999999999
}