{
  "epoch:33": {
    "acc: ": 93.23,
    "f1: ": 0.917,
    "auc: ": 0.995
  },
  "epoch:26": {
    "acc: ": 92.88,
    "f1: ": 0.891,
    "auc: ": 0.996
  },
  "epoch:39": {
    "acc: ": 92.61,
    "f1: ": 0.895,
    "auc: ": 0.995
  },
  "epoch:41": {
    "acc: ": 92.58,
    "f1: ": 0.897,
    "auc: ": 0.996
  },
  "epoch:37": {
    "acc: ": 92.37,
    "f1: ": 0.885,
    "auc: ": 0.995
  },
  "epoch:45": {
    "acc: ": 92.31,
    "f1: ": 0.904,
    "auc: ": 0.995
  },
  "epoch:24": {
    "acc: ": 92.14,
    "f1: ": 0.877,
    "auc: ": 0.995
  },
  "epoch:25": {
    "acc: ": 91.9,
    "f1: ": 0.881,
    "auc: ": 0.994
  },
  "epoch:46": {
    "acc: ": 91.88,
    "f1: ": 0.896,
    "auc: ": 0.995
  },
  "epoch:14": {
    "acc: ": 91.82,
    "f1: ": 0.884,
    "auc: ": 0.995
  },
  "best10_mean": 92.372,
  "best10_f1_mean": 0.8927000000000002,
  "best10_auc_mean": 0.9950999999999999
}