{
  "epoch:46": {
    "acc: ": 90.76,
    "f1: ": 0.877,
    "auc: ": 0.989
  },
  "epoch:41": {
    "acc: ": 90.57,
    "f1: ": 0.873,
    "auc: ": 0.99
  },
  "epoch:38": {
    "acc: ": 90.43,
    "f1: ": 0.875,
    "auc: ": 0.988
  },
  "epoch:49": {
    "acc: ": 90.37,
    "f1: ": 0.873,
    "auc: ": 0.989
  },
  "epoch:48": {
    "acc: ": 90.32,
    "f1: ": 0.872,
    "auc: ": 0.988
  },
  "epoch:36": {
    "acc: ": 90.24,
    "f1: ": 0.869,
    "auc: ": 0.99
  },
  "epoch:39": {
    "acc: ": 90.23,
    "f1: ": 0.873,
    "auc: ": 0.989
  },
  "epoch:47": {
    "acc: ": 90.12,
    "f1: ": 0.87,
    "auc: ": 0.988
  },
  "epoch:45": {
    "acc: ": 90.04,
    "f1: ": 0.871,
    "auc: ": 0.989
  },
  "epoch:37": {
    "acc: ": 89.7,
    "f1: ": 0.87,
    "auc: ": 0.987
  },
  "best10_mean": 90.27799999999999,
  "best10_f1_mean": 0.8722999999999999,
  "best10_auc_mean": 0.9887
}