{
  "epoch:23": {
    "acc: ": 91.25,
    "f1: ": 0.867,
    "auc: ": 0.992
  },
  "epoch:39": {
    "acc: ": 88.9,
    "f1: ": 0.845,
    "auc: ": 0.987
  },
  "epoch:30": {
    "acc: ": 88.81,
    "f1: ": 0.829,
    "auc: ": 0.983
  },
  "epoch:32": {
    "acc: ": 88.56,
    "f1: ": 0.833,
    "auc: ": 0.983
  },
  "epoch:28": {
    "acc: ": 87.93,
    "f1: ": 0.817,
    "auc: ": 0.985
  },
  "epoch:40": {
    "acc: ": 87.48,
    "f1: ": 0.826,
    "auc: ": 0.981
  },
  "epoch:27": {
    "acc: ": 87.14,
    "f1: ": 0.824,
    "auc: ": 0.98
  },
  "epoch:31": {
    "acc: ": 87.07,
    "f1: ": 0.82,
    "auc: ": 0.979
  },
  "epoch:21": {
    "acc: ": 86.93,
    "f1: ": 0.812,
    "auc: ": 0.985
  },
  "epoch:26": {
    "acc: ": 86.82,
    "f1: ": 0.827,
    "auc: ": 0.985
  },
  "best10_mean": 88.08900000000001,
  "best10_f1_mean": 0.8300000000000001,
  "best10_auc_mean": 0.984
}