{
  "epoch:33": {
    "acc: ": 93.32,
    "f1: ": 0.91,
    "auc: ": 0.994
  },
  "epoch:40": {
    "acc: ": 93.26,
    "f1: ": 0.91,
    "auc: ": 0.992
  },
  "epoch:39": {
    "acc: ": 93.19,
    "f1: ": 0.911,
    "auc: ": 0.994
  },
  "epoch:41": {
    "acc: ": 93.08,
    "f1: ": 0.908,
    "auc: ": 0.993
  },
  "epoch:47": {
    "acc: ": 92.85,
    "f1: ": 0.905,
    "auc: ": 0.993
  },
  "epoch:49": {
    "acc: ": 92.74,
    "f1: ": 0.904,
    "auc: ": 0.993
  },
  "epoch:38": {
    "acc: ": 92.67,
    "f1: ": 0.901,
    "auc: ": 0.991
  },
  "epoch:46": {
    "acc: ": 92.64,
    "f1: ": 0.9,
    "auc: ": 0.993
  },
  "epoch:45": {
    "acc: ": 92.61,
    "f1: ": 0.9,
    "auc: ": 0.993
  },
  "epoch:37": {
    "acc: ": 92.59,
    "f1: ": 0.898,
    "auc: ": 0.992
  },
  "best10_mean": 92.895,
  "best10_f1_mean": 0.9046999999999998,
  "best10_auc_mean": 0.9928000000000001
}