{
  "epoch:34": {
    "acc: ": 90.4,
    "f1: ": 0.87,
    "auc: ": 0.99
  },
  "epoch:40": {
    "acc: ": 90.4,
    "f1: ": 0.872,
    "auc: ": 0.989
  },
  "epoch:48": {
    "acc: ": 90.29,
    "f1: ": 0.872,
    "auc: ": 0.989
  },
  "epoch:49": {
    "acc: ": 90.29,
    "f1: ": 0.872,
    "auc: ": 0.989
  },
  "epoch:44": {
    "acc: ": 90.16,
    "f1: ": 0.87,
    "auc: ": 0.988
  },
  "epoch:45": {
    "acc: ": 90.1,
    "f1: ": 0.871,
    "auc: ": 0.989
  },
  "epoch:32": {
    "acc: ": 89.97,
    "f1: ": 0.87,
    "auc: ": 0.99
  },
  "epoch:46": {
    "acc: ": 89.83,
    "f1: ": 0.865,
    "auc: ": 0.989
  },
  "epoch:47": {
    "acc: ": 89.59,
    "f1: ": 0.863,
    "auc: ": 0.989
  },
  "epoch:43": {
    "acc: ": 89.09,
    "f1: ": 0.86,
    "auc: ": 0.987
  },
  "best10_mean": 90.01200000000003,
  "best10_f1_mean": 0.8685,
  "best10_auc_mean": 0.9889000000000001
}