{
  "epoch:41": {
    "acc: ": 94.22,
    "f1: ": 0.921,
    "auc: ": 0.995
  },
  "epoch:38": {
    "acc: ": 93.81,
    "f1: ": 0.918,
    "auc: ": 0.995
  },
  "epoch:29": {
    "acc: ": 93.75,
    "f1: ": 0.913,
    "auc: ": 0.994
  },
  "epoch:46": {
    "acc: ": 93.64,
    "f1: ": 0.913,
    "auc: ": 0.994
  },
  "epoch:43": {
    "acc: ": 93.62,
    "f1: ": 0.913,
    "auc: ": 0.994
  },
  "epoch:36": {
    "acc: ": 93.54,
    "f1: ": 0.913,
    "auc: ": 0.995
  },
  "epoch:42": {
    "acc: ": 93.53,
    "f1: ": 0.913,
    "auc: ": 0.994
  },
  "epoch:47": {
    "acc: ": 93.53,
    "f1: ": 0.912,
    "auc: ": 0.994
  },
  "epoch:37": {
    "acc: ": 93.49,
    "f1: ": 0.911,
    "auc: ": 0.995
  },
  "epoch:34": {
    "acc: ": 93.45,
    "f1: ": 0.911,
    "auc: ": 0.995
  },
  "best10_mean": 93.65799999999999,
  "best10_f1_mean": 0.9138,
  "best10_auc_mean": 0.9944999999999998
}