{
  "epoch:33": {
    "acc: ": 92.23,
    "f1: ": 0.894,
    "auc: ": 0.994
  },
  "epoch:23": {
    "acc: ": 91.47,
    "f1: ": 0.892,
    "auc: ": 0.994
  },
  "epoch:26": {
    "acc: ": 91.28,
    "f1: ": 0.887,
    "auc: ": 0.994
  },
  "epoch:30": {
    "acc: ": 90.9,
    "f1: ": 0.884,
    "auc: ": 0.993
  },
  "epoch:38": {
    "acc: ": 90.73,
    "f1: ": 0.879,
    "auc: ": 0.993
  },
  "epoch:36": {
    "acc: ": 90.7,
    "f1: ": 0.879,
    "auc: ": 0.993
  },
  "epoch:14": {
    "acc: ": 90.59,
    "f1: ": 0.871,
    "auc: ": 0.992
  },
  "epoch:47": {
    "acc: ": 90.38,
    "f1: ": 0.88,
    "auc: ": 0.991
  },
  "epoch:40": {
    "acc: ": 90.23,
    "f1: ": 0.878,
    "auc: ": 0.992
  },
  "epoch:41": {
    "acc: ": 90.23,
    "f1: ": 0.878,
    "auc: ": 0.993
  },
  "best10_mean": 90.87400000000001,
  "best10_f1_mean": 0.8821999999999999,
  "best10_auc_mean": 0.9929
}