{
  "epoch:45": {
    "acc: ": 90.54,
    "f1: ": 0.877,
    "auc: ": 0.989
  },
  "epoch:46": {
    "acc: ": 90.02,
    "f1: ": 0.87,
    "auc: ": 0.988
  },
  "epoch:49": {
    "acc: ": 90.02,
    "f1: ": 0.87,
    "auc: ": 0.988
  },
  "epoch:47": {
    "acc: ": 89.89,
    "f1: ": 0.871,
    "auc: ": 0.988
  },
  "epoch:48": {
    "acc: ": 89.83,
    "f1: ": 0.868,
    "auc: ": 0.988
  },
  "epoch:44": {
    "acc: ": 89.61,
    "f1: ": 0.865,
    "auc: ": 0.987
  },
  "epoch:42": {
    "acc: ": 89.53,
    "f1: ": 0.867,
    "auc: ": 0.987
  },
  "epoch:43": {
    "acc: ": 88.95,
    "f1: ": 0.861,
    "auc: ": 0.987
  },
  "epoch:32": {
    "acc: ": 88.58,
    "f1: ": 0.846,
    "auc: ": 0.985
  },
  "epoch:39": {
    "acc: ": 88.57,
    "f1: ": 0.849,
    "auc: ": 0.986
  },
  "best10_mean": 89.554,
  "best10_f1_mean": 0.8644000000000001,
  "best10_auc_mean": 0.9873000000000001
}