{
  "epoch:24": {
    "acc: ": 79.98,
    "f1: ": 0.744,
    "auc: ": 0.974
  },
  "epoch:8": {
    "acc: ": 79.95,
    "f1: ": 0.739,
    "auc: ": 0.971
  },
  "epoch:33": {
    "acc: ": 79.95,
    "f1: ": 0.749,
    "auc: ": 0.979
  },
  "epoch:35": {
    "acc: ": 78.4,
    "f1: ": 0.74,
    "auc: ": 0.978
  },
  "epoch:29": {
    "acc: ": 77.74,
    "f1: ": 0.739,
    "auc: ": 0.973
  },
  "epoch:46": {
    "acc: ": 76.91,
    "f1: ": 0.719,
    "auc: ": 0.976
  },
  "epoch:26": {
    "acc: ": 76.66,
    "f1: ": 0.719,
    "auc: ": 0.974
  },
  "epoch:38": {
    "acc: ": 76.6,
    "f1: ": 0.713,
    "auc: ": 0.976
  },
  "epoch:41": {
    "acc: ": 76.57,
    "f1: ": 0.711,
    "auc: ": 0.976
  },
  "epoch:40": {
    "acc: ": 76.52,
    "f1: ": 0.719,
    "auc: ": 0.975
  },
  "best10_mean": 77.928,
  "best10_f1_mean": 0.7292000000000002,
  "best10_auc_mean": 0.9752000000000001
}