{
  "epoch:38": {
    "acc: ": 92.15,
    "f1: ": 0.888,
    "auc: ": 0.992
  },
  "epoch:46": {
    "acc: ": 92.09,
    "f1: ": 0.891,
    "auc: ": 0.992
  },
  "epoch:39": {
    "acc: ": 91.84,
    "f1: ": 0.891,
    "auc: ": 0.991
  },
  "epoch:45": {
    "acc: ": 91.57,
    "f1: ": 0.884,
    "auc: ": 0.99
  },
  "epoch:49": {
    "acc: ": 91.55,
    "f1: ": 0.886,
    "auc: ": 0.99
  },
  "epoch:47": {
    "acc: ": 91.44,
    "f1: ": 0.883,
    "auc: ": 0.99
  },
  "epoch:43": {
    "acc: ": 91.38,
    "f1: ": 0.883,
    "auc: ": 0.991
  },
  "epoch:48": {
    "acc: ": 91.35,
    "f1: ": 0.884,
    "auc: ": 0.989
  },
  "epoch:32": {
    "acc: ": 90.98,
    "f1: ": 0.878,
    "auc: ": 0.99
  },
  "epoch:29": {
    "acc: ": 90.97,
    "f1: ": 0.86,
    "auc: ": 0.99
  },
  "best10_mean": 91.53200000000001,
  "best10_f1_mean": 0.8827999999999999,
  "best10_auc_mean": 0.9904999999999999
}