{
  "epoch:40": {
    "acc: ": 92.36,
    "f1: ": 0.895,
    "auc: ": 0.992
  },
  "epoch:44": {
    "acc: ": 91.52,
    "f1: ": 0.885,
    "auc: ": 0.991
  },
  "epoch:35": {
    "acc: ": 91.39,
    "f1: ": 0.886,
    "auc: ": 0.992
  },
  "epoch:42": {
    "acc: ": 91.39,
    "f1: ": 0.884,
    "auc: ": 0.989
  },
  "epoch:46": {
    "acc: ": 91.19,
    "f1: ": 0.882,
    "auc: ": 0.99
  },
  "epoch:43": {
    "acc: ": 91.09,
    "f1: ": 0.881,
    "auc: ": 0.991
  },
  "epoch:22": {
    "acc: ": 90.97,
    "f1: ": 0.876,
    "auc: ": 0.992
  },
  "epoch:47": {
    "acc: ": 90.95,
    "f1: ": 0.881,
    "auc: ": 0.991
  },
  "epoch:49": {
    "acc: ": 90.95,
    "f1: ": 0.881,
    "auc: ": 0.991
  },
  "epoch:36": {
    "acc: ": 90.89,
    "f1: ": 0.877,
    "auc: ": 0.989
  },
  "best10_mean": 91.27000000000001,
  "best10_f1_mean": 0.8828000000000001,
  "best10_auc_mean": 0.9907999999999999
}