{
  "epoch:39": {
    "acc: ": 77.45,
    "f1: ": 0.742,
    "auc: ": 0.972
  },
  "epoch:41": {
    "acc: ": 77.26,
    "f1: ": 0.691,
    "auc: ": 0.972
  },
  "epoch:21": {
    "acc: ": 76.38,
    "f1: ": 0.685,
    "auc: ": 0.972
  },
  "epoch:22": {
    "acc: ": 76.27,
    "f1: ": 0.674,
    "auc: ": 0.965
  },
  "epoch:29": {
    "acc: ": 76.06,
    "f1: ": 0.686,
    "auc: ": 0.972
  },
  "epoch:38": {
    "acc: ": 75.78,
    "f1: ": 0.68,
    "auc: ": 0.963
  },
  "epoch:23": {
    "acc: ": 75.51,
    "f1: ": 0.71,
    "auc: ": 0.968
  },
  "epoch:36": {
    "acc: ": 75.13,
    "f1: ": 0.681,
    "auc: ": 0.962
  },
  "epoch:24": {
    "acc: ": 74.99,
    "f1: ": 0.667,
    "auc: ": 0.959
  },
  "epoch:43": {
    "acc: ": 74.78,
    "f1: ": 0.668,
    "auc: ": 0.967
  },
  "best10_mean": 75.961,
  "best10_f1_mean": 0.6883999999999999,
  "best10_auc_mean": 0.9672000000000001
}