{
  "epoch:42": {
    "acc: ": 92.75,
    "f1: ": 0.903,
    "auc: ": 0.993
  },
  "epoch:49": {
    "acc: ": 92.53,
    "f1: ": 0.902,
    "auc: ": 0.992
  },
  "epoch:48": {
    "acc: ": 92.5,
    "f1: ": 0.901,
    "auc: ": 0.992
  },
  "epoch:47": {
    "acc: ": 92.44,
    "f1: ": 0.9,
    "auc: ": 0.992
  },
  "epoch:44": {
    "acc: ": 92.42,
    "f1: ": 0.899,
    "auc: ": 0.993
  },
  "epoch:46": {
    "acc: ": 92.4,
    "f1: ": 0.9,
    "auc: ": 0.992
  },
  "epoch:38": {
    "acc: ": 92.03,
    "f1: ": 0.897,
    "auc: ": 0.992
  },
  "epoch:41": {
    "acc: ": 91.79,
    "f1: ": 0.893,
    "auc: ": 0.993
  },
  "epoch:45": {
    "acc: ": 91.74,
    "f1: ": 0.895,
    "auc: ": 0.991
  },
  "epoch:43": {
    "acc: ": 91.71,
    "f1: ": 0.892,
    "auc: ": 0.992
  },
  "best10_mean": 92.231,
  "best10_f1_mean": 0.8982000000000001,
  "best10_auc_mean": 0.9922000000000001
}