{
  "epoch:47": {
    "acc: ": 62.25,
    "f1: ": 0.621,
    "auc: ": 0.862
  },
  "epoch:45": {
    "acc: ": 61.86,
    "f1: ": 0.616,
    "auc: ": 0.863
  },
  "epoch:49": {
    "acc: ": 61.79,
    "f1: ": 0.616,
    "auc: ": 0.862
  },
  "epoch:48": {
    "acc: ": 61.75,
    "f1: ": 0.616,
    "auc: ": 0.861
  },
  "epoch:43": {
    "acc: ": 61.71,
    "f1: ": 0.616,
    "auc: ": 0.87
  },
  "epoch:44": {
    "acc: ": 61.43,
    "f1: ": 0.612,
    "auc: ": 0.861
  },
  "epoch:41": {
    "acc: ": 61.29,
    "f1: ": 0.609,
    "auc: ": 0.863
  },
  "epoch:46": {
    "acc: ": 61.25,
    "f1: ": 0.611,
    "auc: ": 0.862
  },
  "epoch:37": {
    "acc: ": 60.71,
    "f1: ": 0.604,
    "auc: ": 0.855
  },
  "epoch:24": {
    "acc: ": 60.61,
    "f1: ": 0.6,
    "auc: ": 0.847
  },
  "best10_mean": 61.46500000000001,
  "best10_f1_mean": 0.6121000000000001,
  "best10_auc_mean": 0.8606
}