{
  "epoch:49": {
    "acc: ": 92.37,
    "f1: ": 0.894,
    "auc: ": 0.994
  },
  "epoch:45": {
    "acc: ": 92.33,
    "f1: ": 0.891,
    "auc: ": 0.994
  },
  "epoch:48": {
    "acc: ": 92.31,
    "f1: ": 0.893,
    "auc: ": 0.994
  },
  "epoch:43": {
    "acc: ": 92.23,
    "f1: ": 0.889,
    "auc: ": 0.994
  },
  "epoch:42": {
    "acc: ": 92.2,
    "f1: ": 0.891,
    "auc: ": 0.994
  },
  "epoch:44": {
    "acc: ": 92.18,
    "f1: ": 0.89,
    "auc: ": 0.994
  },
  "epoch:47": {
    "acc: ": 92.14,
    "f1: ": 0.891,
    "auc: ": 0.994
  },
  "epoch:36": {
    "acc: ": 92.04,
    "f1: ": 0.888,
    "auc: ": 0.994
  },
  "epoch:46": {
    "acc: ": 91.95,
    "f1: ": 0.888,
    "auc: ": 0.993
  },
  "epoch:41": {
    "acc: ": 91.93,
    "f1: ": 0.887,
    "auc: ": 0.994
  },
  "best10_mean": 92.168,
  "best10_f1_mean": 0.8902000000000001,
  "best10_auc_mean": 0.9938999999999998
}