{
  "epoch:17": {
    "acc: ": 90.81,
    "f1: ": 0.859,
    "auc: ": 0.981
  },
  "epoch:41": {
    "acc: ": 90.38,
    "f1: ": 0.858,
    "auc: ": 0.979
  },
  "epoch:46": {
    "acc: ": 90.21,
    "f1: ": 0.861,
    "auc: ": 0.976
  },
  "epoch:24": {
    "acc: ": 90.19,
    "f1: ": 0.853,
    "auc: ": 0.983
  },
  "epoch:40": {
    "acc: ": 90.04,
    "f1: ": 0.863,
    "auc: ": 0.969
  },
  "epoch:44": {
    "acc: ": 90.02,
    "f1: ": 0.857,
    "auc: ": 0.98
  },
  "epoch:49": {
    "acc: ": 89.96,
    "f1: ": 0.857,
    "auc: ": 0.975
  },
  "epoch:43": {
    "acc: ": 89.94,
    "f1: ": 0.855,
    "auc: ": 0.977
  },
  "epoch:48": {
    "acc: ": 89.83,
    "f1: ": 0.856,
    "auc: ": 0.975
  },
  "epoch:45": {
    "acc: ": 89.66,
    "f1: ": 0.856,
    "auc: ": 0.977
  },
  "best10_mean": 90.104,
  "best10_f1_mean": 0.8575000000000002,
  "best10_auc_mean": 0.9772000000000001
}