{
  "epoch:40": {
    "acc: ": 92.45,
    "f1: ": 0.886,
    "auc: ": 0.985
  },
  "epoch:46": {
    "acc: ": 92.07,
    "f1: ": 0.885,
    "auc: ": 0.989
  },
  "epoch:37": {
    "acc: ": 91.82,
    "f1: ": 0.872,
    "auc: ": 0.982
  },
  "epoch:47": {
    "acc: ": 91.68,
    "f1: ": 0.878,
    "auc: ": 0.987
  },
  "epoch:49": {
    "acc: ": 91.66,
    "f1: ": 0.878,
    "auc: ": 0.987
  },
  "epoch:45": {
    "acc: ": 91.62,
    "f1: ": 0.885,
    "auc: ": 0.991
  },
  "epoch:44": {
    "acc: ": 91.6,
    "f1: ": 0.881,
    "auc: ": 0.989
  },
  "epoch:48": {
    "acc: ": 91.55,
    "f1: ": 0.876,
    "auc: ": 0.987
  },
  "epoch:33": {
    "acc: ": 91.27,
    "f1: ": 0.868,
    "auc: ": 0.985
  },
  "epoch:32": {
    "acc: ": 90.86,
    "f1: ": 0.874,
    "auc: ": 0.983
  },
  "best10_mean": 91.65799999999999,
  "best10_f1_mean": 0.8783000000000001,
  "best10_auc_mean": 0.9865
}