{
  "epoch:46": {
    "acc: ": 91.35,
    "f1: ": 0.89,
    "auc: ": 0.992
  },
  "epoch:29": {
    "acc: ": 91.3,
    "f1: ": 0.89,
    "auc: ": 0.992
  },
  "epoch:42": {
    "acc: ": 91.13,
    "f1: ": 0.89,
    "auc: ": 0.992
  },
  "epoch:47": {
    "acc: ": 91.13,
    "f1: ": 0.888,
    "auc: ": 0.991
  },
  "epoch:39": {
    "acc: ": 91.11,
    "f1: ": 0.883,
    "auc: ": 0.991
  },
  "epoch:43": {
    "acc: ": 91.0,
    "f1: ": 0.887,
    "auc: ": 0.991
  },
  "epoch:44": {
    "acc: ": 91.0,
    "f1: ": 0.885,
    "auc: ": 0.992
  },
  "epoch:38": {
    "acc: ": 90.97,
    "f1: ": 0.889,
    "auc: ": 0.992
  },
  "epoch:49": {
    "acc: ": 90.95,
    "f1: ": 0.885,
    "auc: ": 0.991
  },
  "epoch:37": {
    "acc: ": 90.86,
    "f1: ": 0.885,
    "auc: ": 0.991
  },
  "best10_mean": 91.08000000000001,
  "best10_f1_mean": 0.8872,
  "best10_auc_mean": 0.9914999999999999
}