{
  "epoch:36": {
    "acc: ": 91.14,
    "f1: ": 0.895,
    "auc: ": 0.992
  },
  "epoch:22": {
    "acc: ": 90.53,
    "f1: ": 0.879,
    "auc: ": 0.992
  },
  "epoch:34": {
    "acc: ": 90.48,
    "f1: ": 0.88,
    "auc: ": 0.992
  },
  "epoch:20": {
    "acc: ": 90.34,
    "f1: ": 0.881,
    "auc: ": 0.991
  },
  "epoch:38": {
    "acc: ": 90.16,
    "f1: ": 0.877,
    "auc: ": 0.989
  },
  "epoch:29": {
    "acc: ": 89.93,
    "f1: ": 0.879,
    "auc: ": 0.987
  },
  "epoch:39": {
    "acc: ": 89.71,
    "f1: ": 0.877,
    "auc: ": 0.989
  },
  "epoch:47": {
    "acc: ": 89.71,
    "f1: ": 0.881,
    "auc: ": 0.989
  },
  "epoch:17": {
    "acc: ": 89.64,
    "f1: ": 0.862,
    "auc: ": 0.991
  },
  "epoch:30": {
    "acc: ": 89.63,
    "f1: ": 0.869,
    "auc: ": 0.986
  },
  "best10_mean": 90.127,
  "best10_f1_mean": 0.8780000000000001,
  "best10_auc_mean": 0.9898000000000001
}