{
  "epoch:42": {
    "acc: ": 93.6,
    "f1: ": 0.913,
    "auc: ": 0.995
  },
  "epoch:45": {
    "acc: ": 93.54,
    "f1: ": 0.914,
    "auc: ": 0.994
  },
  "epoch:47": {
    "acc: ": 93.48,
    "f1: ": 0.913,
    "auc: ": 0.994
  },
  "epoch:49": {
    "acc: ": 93.46,
    "f1: ": 0.913,
    "auc: ": 0.994
  },
  "epoch:48": {
    "acc: ": 93.38,
    "f1: ": 0.911,
    "auc: ": 0.994
  },
  "epoch:46": {
    "acc: ": 93.35,
    "f1: ": 0.911,
    "auc: ": 0.994
  },
  "epoch:35": {
    "acc: ": 93.34,
    "f1: ": 0.916,
    "auc: ": 0.996
  },
  "epoch:39": {
    "acc: ": 93.19,
    "f1: ": 0.907,
    "auc: ": 0.995
  },
  "epoch:41": {
    "acc: ": 93.15,
    "f1: ": 0.91,
    "auc: ": 0.995
  },
  "epoch:44": {
    "acc: ": 93.13,
    "f1: ": 0.906,
    "auc: ": 0.994
  },
  "best10_mean": 93.362,
  "best10_f1_mean": 0.9114000000000001,
  "best10_auc_mean": 0.9944999999999998
}