{
  "epoch:35": {
    "acc: ": 90.9,
    "f1: ": 0.884,
    "auc: ": 0.991
  },
  "epoch:36": {
    "acc: ": 90.84,
    "f1: ": 0.884,
    "auc: ": 0.992
  },
  "epoch:39": {
    "acc: ": 90.64,
    "f1: ": 0.878,
    "auc: ": 0.988
  },
  "epoch:41": {
    "acc: ": 90.57,
    "f1: ": 0.876,
    "auc: ": 0.987
  },
  "epoch:45": {
    "acc: ": 90.34,
    "f1: ": 0.879,
    "auc: ": 0.989
  },
  "epoch:31": {
    "acc: ": 90.27,
    "f1: ": 0.869,
    "auc: ": 0.992
  },
  "epoch:49": {
    "acc: ": 90.15,
    "f1: ": 0.876,
    "auc: ": 0.989
  },
  "epoch:40": {
    "acc: ": 90.07,
    "f1: ": 0.872,
    "auc: ": 0.989
  },
  "epoch:46": {
    "acc: ": 90.05,
    "f1: ": 0.876,
    "auc: ": 0.988
  },
  "epoch:48": {
    "acc: ": 90.05,
    "f1: ": 0.875,
    "auc: ": 0.988
  },
  "best10_mean": 90.38799999999999,
  "best10_f1_mean": 0.8769,
  "best10_auc_mean": 0.9892999999999998
}