{
  "epoch:49": {
    "acc: ": 94.6,
    "f1: ": 0.925,
    "auc: ": 0.995
  },
  "epoch:48": {
    "acc: ": 94.55,
    "f1: ": 0.924,
    "auc: ": 0.995
  },
  "epoch:47": {
    "acc: ": 94.5,
    "f1: ": 0.924,
    "auc: ": 0.995
  },
  "epoch:40": {
    "acc: ": 94.46,
    "f1: ": 0.921,
    "auc: ": 0.996
  },
  "epoch:45": {
    "acc: ": 94.46,
    "f1: ": 0.923,
    "auc: ": 0.995
  },
  "epoch:46": {
    "acc: ": 94.36,
    "f1: ": 0.923,
    "auc: ": 0.995
  },
  "epoch:44": {
    "acc: ": 94.32,
    "f1: ": 0.921,
    "auc: ": 0.995
  },
  "epoch:25": {
    "acc: ": 94.19,
    "f1: ": 0.919,
    "auc: ": 0.994
  },
  "epoch:38": {
    "acc: ": 94.14,
    "f1: ": 0.917,
    "auc: ": 0.995
  },
  "epoch:42": {
    "acc: ": 94.14,
    "f1: ": 0.919,
    "auc: ": 0.995
  },
  "best10_mean": 94.372,
  "best10_f1_mean": 0.9216000000000001,
  "best10_auc_mean": 0.9949999999999999
}