{
  "epoch:31": {
    "acc: ": 91.88,
    "f1: ": 0.891,
    "auc: ": 0.991
  },
  "epoch:43": {
    "acc: ": 91.69,
    "f1: ": 0.888,
    "auc: ": 0.991
  },
  "epoch:48": {
    "acc: ": 91.63,
    "f1: ": 0.889,
    "auc: ": 0.991
  },
  "epoch:35": {
    "acc: ": 91.57,
    "f1: ": 0.884,
    "auc: ": 0.991
  },
  "epoch:44": {
    "acc: ": 91.55,
    "f1: ": 0.89,
    "auc: ": 0.991
  },
  "epoch:42": {
    "acc: ": 91.5,
    "f1: ": 0.888,
    "auc: ": 0.991
  },
  "epoch:37": {
    "acc: ": 91.41,
    "f1: ": 0.883,
    "auc: ": 0.991
  },
  "epoch:40": {
    "acc: ": 91.36,
    "f1: ": 0.885,
    "auc: ": 0.99
  },
  "epoch:49": {
    "acc: ": 91.35,
    "f1: ": 0.885,
    "auc: ": 0.991
  },
  "epoch:47": {
    "acc: ": 91.25,
    "f1: ": 0.885,
    "auc: ": 0.991
  },
  "best10_mean": 91.51899999999999,
  "best10_f1_mean": 0.8868,
  "best10_auc_mean": 0.9908999999999999
}