{
  "epoch:38": {
    "acc: ": 93.07,
    "f1: ": 0.903,
    "auc: ": 0.989
  },
  "epoch:35": {
    "acc: ": 92.78,
    "f1: ": 0.904,
    "auc: ": 0.992
  },
  "epoch:33": {
    "acc: ": 92.52,
    "f1: ": 0.894,
    "auc: ": 0.992
  },
  "epoch:48": {
    "acc: ": 92.4,
    "f1: ": 0.895,
    "auc: ": 0.989
  },
  "epoch:46": {
    "acc: ": 92.36,
    "f1: ": 0.894,
    "auc: ": 0.988
  },
  "epoch:47": {
    "acc: ": 92.36,
    "f1: ": 0.895,
    "auc: ": 0.988
  },
  "epoch:45": {
    "acc: ": 92.33,
    "f1: ": 0.894,
    "auc: ": 0.988
  },
  "epoch:37": {
    "acc: ": 92.26,
    "f1: ": 0.895,
    "auc: ": 0.991
  },
  "epoch:41": {
    "acc: ": 92.23,
    "f1: ": 0.894,
    "auc: ": 0.988
  },
  "epoch:30": {
    "acc: ": 92.17,
    "f1: ": 0.895,
    "auc: ": 0.99
  },
  "best10_mean": 92.44800000000001,
  "best10_f1_mean": 0.8962999999999999,
  "best10_auc_mean": 0.9894999999999998
}