{
  "epoch:14": {
    "acc: ": 71.23,
    "f1: ": 0.607,
    "auc: ": 0.81
  },
  "epoch:24": {
    "acc: ": 63.03,
    "f1: ": 0.548,
    "auc: ": 0.811
  },
  "epoch:21": {
    "acc: ": 62.31,
    "f1: ": 0.539,
    "auc: ": 0.776
  },
  "epoch:29": {
    "acc: ": 58.28,
    "f1: ": 0.51,
    "auc: ": 0.782
  },
  "epoch:22": {
    "acc: ": 52.16,
    "f1: ": 0.467,
    "auc: ": 0.767
  },
  "epoch:13": {
    "acc: ": 51.65,
    "f1: ": 0.451,
    "auc: ": 0.76
  },
  "epoch:31": {
    "acc: ": 51.24,
    "f1: ": 0.461,
    "auc: ": 0.78
  },
  "epoch:26": {
    "acc: ": 48.67,
    "f1: ": 0.436,
    "auc: ": 0.783
  },
  "epoch:16": {
    "acc: ": 47.13,
    "f1: ": 0.399,
    "auc: ": 0.726
  },
  "epoch:25": {
    "acc: ": 46.94,
    "f1: ": 0.409,
    "auc: ": 0.802
  },
  "best10_mean": 55.263999999999996,
  "best10_f1_mean": 0.4827,
  "best10_auc_mean": 0.7797000000000001
}