{
  "epoch:47": {
    "acc: ": 93.89,
    "f1: ": 0.915,
    "auc: ": 0.995
  },
  "epoch:49": {
    "acc: ": 93.87,
    "f1: ": 0.915,
    "auc: ": 0.995
  },
  "epoch:48": {
    "acc: ": 93.86,
    "f1: ": 0.915,
    "auc: ": 0.995
  },
  "epoch:44": {
    "acc: ": 93.79,
    "f1: ": 0.913,
    "auc: ": 0.995
  },
  "epoch:46": {
    "acc: ": 93.6,
    "f1: ": 0.912,
    "auc: ": 0.994
  },
  "epoch:39": {
    "acc: ": 93.49,
    "f1: ": 0.909,
    "auc: ": 0.994
  },
  "epoch:42": {
    "acc: ": 93.48,
    "f1: ": 0.912,
    "auc: ": 0.994
  },
  "epoch:43": {
    "acc: ": 93.46,
    "f1: ": 0.909,
    "auc: ": 0.994
  },
  "epoch:35": {
    "acc: ": 93.43,
    "f1: ": 0.91,
    "auc: ": 0.993
  },
  "epoch:38": {
    "acc: ": 93.43,
    "f1: ": 0.909,
    "auc: ": 0.995
  },
  "best10_mean": 93.63000000000002,
  "best10_f1_mean": 0.9118999999999999,
  "best10_auc_mean": 0.9944
}