{
  "epoch:42": {
    "acc: ": 92.15,
    "f1: ": 0.892,
    "auc: ": 0.99
  },
  "epoch:40": {
    "acc: ": 91.92,
    "f1: ": 0.889,
    "auc: ": 0.991
  },
  "epoch:33": {
    "acc: ": 91.88,
    "f1: ": 0.89,
    "auc: ": 0.992
  },
  "epoch:48": {
    "acc: ": 91.65,
    "f1: ": 0.888,
    "auc: ": 0.99
  },
  "epoch:47": {
    "acc: ": 91.62,
    "f1: ": 0.888,
    "auc: ": 0.99
  },
  "epoch:49": {
    "acc: ": 91.49,
    "f1: ": 0.886,
    "auc: ": 0.99
  },
  "epoch:46": {
    "acc: ": 91.35,
    "f1: ": 0.886,
    "auc: ": 0.989
  },
  "epoch:44": {
    "acc: ": 91.08,
    "f1: ": 0.882,
    "auc: ": 0.989
  },
  "epoch:39": {
    "acc: ": 90.98,
    "f1: ": 0.883,
    "auc: ": 0.991
  },
  "epoch:34": {
    "acc: ": 90.84,
    "f1: ": 0.88,
    "auc: ": 0.991
  },
  "best10_mean": 91.49600000000001,
  "best10_f1_mean": 0.8864000000000001,
  "best10_auc_mean": 0.9903000000000001
}