{
  "epoch:27": {
    "acc: ": 91.63,
    "f1: ": 0.888,
    "auc: ": 0.991
  },
  "epoch:44": {
    "acc: ": 91.3,
    "f1: ": 0.88,
    "auc: ": 0.989
  },
  "epoch:42": {
    "acc: ": 90.68,
    "f1: ": 0.875,
    "auc: ": 0.989
  },
  "epoch:46": {
    "acc: ": 90.51,
    "f1: ": 0.871,
    "auc: ": 0.988
  },
  "epoch:45": {
    "acc: ": 90.45,
    "f1: ": 0.868,
    "auc: ": 0.988
  },
  "epoch:35": {
    "acc: ": 90.32,
    "f1: ": 0.875,
    "auc: ": 0.989
  },
  "epoch:47": {
    "acc: ": 90.3,
    "f1: ": 0.867,
    "auc: ": 0.988
  },
  "epoch:49": {
    "acc: ": 90.12,
    "f1: ": 0.864,
    "auc: ": 0.988
  },
  "epoch:41": {
    "acc: ": 90.07,
    "f1: ": 0.865,
    "auc: ": 0.988
  },
  "epoch:48": {
    "acc: ": 90.05,
    "f1: ": 0.864,
    "auc: ": 0.988
  },
  "best10_mean": 90.54299999999998,
  "best10_f1_mean": 0.8717,
  "best10_auc_mean": 0.9885999999999999
}