{
  "epoch:26": {
    "acc: ": 92.56,
    "f1: ": 0.894,
    "auc: ": 0.994
  },
  "epoch:33": {
    "acc: ": 92.29,
    "f1: ": 0.896,
    "auc: ": 0.988
  },
  "epoch:45": {
    "acc: ": 91.54,
    "f1: ": 0.88,
    "auc: ": 0.992
  },
  "epoch:49": {
    "acc: ": 91.25,
    "f1: ": 0.876,
    "auc: ": 0.992
  },
  "epoch:24": {
    "acc: ": 91.24,
    "f1: ": 0.884,
    "auc: ": 0.993
  },
  "epoch:36": {
    "acc: ": 91.24,
    "f1: ": 0.876,
    "auc: ": 0.991
  },
  "epoch:44": {
    "acc: ": 90.98,
    "f1: ": 0.873,
    "auc: ": 0.992
  },
  "epoch:46": {
    "acc: ": 90.92,
    "f1: ": 0.871,
    "auc: ": 0.992
  },
  "epoch:47": {
    "acc: ": 90.92,
    "f1: ": 0.871,
    "auc: ": 0.992
  },
  "epoch:31": {
    "acc: ": 90.78,
    "f1: ": 0.87,
    "auc: ": 0.992
  },
  "best10_mean": 91.37199999999999,
  "best10_f1_mean": 0.8791,
  "best10_auc_mean": 0.9917999999999999
}