{
  "epoch:40": {
    "acc: ": 77.21,
    "f1: ": 0.771,
    "auc: ": 0.939
  },
  "epoch:43": {
    "acc: ": 76.57,
    "f1: ": 0.766,
    "auc: ": 0.938
  },
  "epoch:48": {
    "acc: ": 76.43,
    "f1: ": 0.764,
    "auc: ": 0.939
  },
  "epoch:47": {
    "acc: ": 76.39,
    "f1: ": 0.764,
    "auc: ": 0.938
  },
  "epoch:49": {
    "acc: ": 76.25,
    "f1: ": 0.763,
    "auc: ": 0.939
  },
  "epoch:44": {
    "acc: ": 75.82,
    "f1: ": 0.759,
    "auc: ": 0.939
  },
  "epoch:45": {
    "acc: ": 75.5,
    "f1: ": 0.755,
    "auc: ": 0.934
  },
  "epoch:46": {
    "acc: ": 75.36,
    "f1: ": 0.753,
    "auc: ": 0.935
  },
  "epoch:39": {
    "acc: ": 75.07,
    "f1: ": 0.751,
    "auc: ": 0.931
  },
  "epoch:42": {
    "acc: ": 75.04,
    "f1: ": 0.75,
    "auc: ": 0.934
  },
  "best10_mean": 75.96399999999998,
  "best10_f1_mean": 0.7596,
  "best10_auc_mean": 0.9365999999999998
}