{
  "epoch:32": {
    "acc: ": 92.22,
    "f1: ": 0.892,
    "auc: ": 0.992
  },
  "epoch:47": {
    "acc: ": 92.15,
    "f1: ": 0.893,
    "auc: ": 0.991
  },
  "epoch:46": {
    "acc: ": 92.12,
    "f1: ": 0.893,
    "auc: ": 0.991
  },
  "epoch:40": {
    "acc: ": 92.1,
    "f1: ": 0.891,
    "auc: ": 0.993
  },
  "epoch:43": {
    "acc: ": 92.07,
    "f1: ": 0.894,
    "auc: ": 0.992
  },
  "epoch:44": {
    "acc: ": 92.07,
    "f1: ": 0.895,
    "auc: ": 0.991
  },
  "epoch:48": {
    "acc: ": 91.99,
    "f1: ": 0.893,
    "auc: ": 0.991
  },
  "epoch:49": {
    "acc: ": 91.98,
    "f1: ": 0.892,
    "auc: ": 0.991
  },
  "epoch:42": {
    "acc: ": 91.74,
    "f1: ": 0.887,
    "auc: ": 0.99
  },
  "epoch:35": {
    "acc: ": 91.69,
    "f1: ": 0.887,
    "auc: ": 0.99
  },
  "best10_mean": 92.013,
  "best10_f1_mean": 0.8917000000000002,
  "best10_auc_mean": 0.9911999999999999
}