{
  "epoch:25": {
    "acc: ": 91.08,
    "f1: ": 0.882,
    "auc: ": 0.992
  },
  "epoch:41": {
    "acc: ": 91.03,
    "f1: ": 0.882,
    "auc: ": 0.993
  },
  "epoch:30": {
    "acc: ": 90.92,
    "f1: ": 0.884,
    "auc: ": 0.993
  },
  "epoch:47": {
    "acc: ": 90.46,
    "f1: ": 0.872,
    "auc: ": 0.992
  },
  "epoch:37": {
    "acc: ": 90.3,
    "f1: ": 0.87,
    "auc: ": 0.991
  },
  "epoch:48": {
    "acc: ": 90.3,
    "f1: ": 0.87,
    "auc: ": 0.992
  },
  "epoch:45": {
    "acc: ": 90.27,
    "f1: ": 0.871,
    "auc: ": 0.992
  },
  "epoch:49": {
    "acc: ": 90.27,
    "f1: ": 0.87,
    "auc: ": 0.992
  },
  "epoch:38": {
    "acc: ": 90.26,
    "f1: ": 0.87,
    "auc: ": 0.992
  },
  "epoch:43": {
    "acc: ": 90.07,
    "f1: ": 0.867,
    "auc: ": 0.992
  },
  "best10_mean": 90.49600000000001,
  "best10_f1_mean": 0.8737999999999999,
  "best10_auc_mean": 0.9921
}