{
  "epoch:28": {
    "acc: ": 89.53,
    "f1: ": 0.854,
    "auc: ": 0.98
  },
  "epoch:36": {
    "acc: ": 88.96,
    "f1: ": 0.847,
    "auc: ": 0.983
  },
  "epoch:40": {
    "acc: ": 88.96,
    "f1: ": 0.836,
    "auc: ": 0.981
  },
  "epoch:22": {
    "acc: ": 88.93,
    "f1: ": 0.842,
    "auc: ": 0.979
  },
  "epoch:44": {
    "acc: ": 88.93,
    "f1: ": 0.842,
    "auc: ": 0.983
  },
  "epoch:38": {
    "acc: ": 88.84,
    "f1: ": 0.84,
    "auc: ": 0.981
  },
  "epoch:41": {
    "acc: ": 88.73,
    "f1: ": 0.84,
    "auc: ": 0.982
  },
  "epoch:39": {
    "acc: ": 88.66,
    "f1: ": 0.838,
    "auc: ": 0.98
  },
  "epoch:33": {
    "acc: ": 88.43,
    "f1: ": 0.839,
    "auc: ": 0.976
  },
  "epoch:34": {
    "acc: ": 88.39,
    "f1: ": 0.838,
    "auc: ": 0.979
  },
  "best10_mean": 88.836,
  "best10_f1_mean": 0.8415999999999999,
  "best10_auc_mean": 0.9803999999999998
}