{
  "epoch:39": {
    "acc: ": 91.44,
    "f1: ": 0.887,
    "auc: ": 0.993
  },
  "epoch:28": {
    "acc: ": 91.17,
    "f1: ": 0.881,
    "auc: ": 0.993
  },
  "epoch:34": {
    "acc: ": 91.09,
    "f1: ": 0.881,
    "auc: ": 0.993
  },
  "epoch:45": {
    "acc: ": 90.79,
    "f1: ": 0.88,
    "auc: ": 0.993
  },
  "epoch:46": {
    "acc: ": 90.7,
    "f1: ": 0.879,
    "auc: ": 0.993
  },
  "epoch:20": {
    "acc: ": 90.57,
    "f1: ": 0.87,
    "auc: ": 0.991
  },
  "epoch:47": {
    "acc: ": 90.56,
    "f1: ": 0.876,
    "auc: ": 0.993
  },
  "epoch:49": {
    "acc: ": 90.51,
    "f1: ": 0.877,
    "auc: ": 0.993
  },
  "epoch:36": {
    "acc: ": 90.48,
    "f1: ": 0.877,
    "auc: ": 0.993
  },
  "epoch:24": {
    "acc: ": 90.35,
    "f1: ": 0.87,
    "auc: ": 0.992
  },
  "best10_mean": 90.76599999999999,
  "best10_f1_mean": 0.8777999999999999,
  "best10_auc_mean": 0.9926999999999999
}