{
  "epoch:38": {
    "acc: ": 89.94,
    "f1: ": 0.858,
    "auc: ": 0.99
  },
  "epoch:43": {
    "acc: ": 89.94,
    "f1: ": 0.856,
    "auc: ": 0.991
  },
  "epoch:47": {
    "acc: ": 89.86,
    "f1: ": 0.857,
    "auc: ": 0.99
  },
  "epoch:49": {
    "acc: ": 89.69,
    "f1: ": 0.854,
    "auc: ": 0.99
  },
  "epoch:44": {
    "acc: ": 89.66,
    "f1: ": 0.854,
    "auc: ": 0.99
  },
  "epoch:36": {
    "acc: ": 89.58,
    "f1: ": 0.855,
    "auc: ": 0.99
  },
  "epoch:45": {
    "acc: ": 89.58,
    "f1: ": 0.852,
    "auc: ": 0.99
  },
  "epoch:46": {
    "acc: ": 89.58,
    "f1: ": 0.852,
    "auc: ": 0.99
  },
  "epoch:42": {
    "acc: ": 89.55,
    "f1: ": 0.853,
    "auc: ": 0.991
  },
  "epoch:48": {
    "acc: ": 89.4,
    "f1: ": 0.851,
    "auc: ": 0.99
  },
  "best10_mean": 89.67800000000001,
  "best10_f1_mean": 0.8542000000000002,
  "best10_auc_mean": 0.9902000000000001
}