{
  "epoch:35": {
    "acc: ": 77.25,
    "f1: ": 0.772,
    "auc: ": 0.937
  },
  "epoch:40": {
    "acc: ": 76.75,
    "f1: ": 0.767,
    "auc: ": 0.937
  },
  "epoch:49": {
    "acc: ": 76.57,
    "f1: ": 0.764,
    "auc: ": 0.942
  },
  "epoch:48": {
    "acc: ": 76.5,
    "f1: ": 0.764,
    "auc: ": 0.941
  },
  "epoch:46": {
    "acc: ": 76.43,
    "f1: ": 0.763,
    "auc: ": 0.939
  },
  "epoch:47": {
    "acc: ": 76.39,
    "f1: ": 0.763,
    "auc: ": 0.94
  },
  "epoch:41": {
    "acc: ": 75.93,
    "f1: ": 0.759,
    "auc: ": 0.938
  },
  "epoch:37": {
    "acc: ": 75.89,
    "f1: ": 0.756,
    "auc: ": 0.934
  },
  "epoch:42": {
    "acc: ": 75.89,
    "f1: ": 0.757,
    "auc: ": 0.938
  },
  "epoch:44": {
    "acc: ": 75.79,
    "f1: ": 0.757,
    "auc: ": 0.937
  },
  "best10_mean": 76.33899999999998,
  "best10_f1_mean": 0.7622,
  "best10_auc_mean": 0.9382999999999999
}