{
  "epoch:47": {
    "acc: ": 90.62,
    "f1: ": 0.884,
    "auc: ": 0.993
  },
  "epoch:28": {
    "acc: ": 90.59,
    "f1: ": 0.878,
    "auc: ": 0.992
  },
  "epoch:48": {
    "acc: ": 90.56,
    "f1: ": 0.883,
    "auc: ": 0.992
  },
  "epoch:49": {
    "acc: ": 90.45,
    "f1: ": 0.881,
    "auc: ": 0.993
  },
  "epoch:34": {
    "acc: ": 90.4,
    "f1: ": 0.884,
    "auc: ": 0.993
  },
  "epoch:25": {
    "acc: ": 90.18,
    "f1: ": 0.869,
    "auc: ": 0.992
  },
  "epoch:46": {
    "acc: ": 90.02,
    "f1: ": 0.875,
    "auc: ": 0.992
  },
  "epoch:40": {
    "acc: ": 90.0,
    "f1: ": 0.879,
    "auc: ": 0.992
  },
  "epoch:44": {
    "acc: ": 89.91,
    "f1: ": 0.877,
    "auc: ": 0.992
  },
  "epoch:32": {
    "acc: ": 89.72,
    "f1: ": 0.869,
    "auc: ": 0.991
  },
  "best10_mean": 90.24499999999999,
  "best10_f1_mean": 0.8779,
  "best10_auc_mean": 0.9922000000000001
}