{
  "epoch:27": {
    "acc: ": 89.83,
    "f1: ": 0.86,
    "auc: ": 0.991
  },
  "epoch:37": {
    "acc: ": 89.53,
    "f1: ": 0.868,
    "auc: ": 0.99
  },
  "epoch:36": {
    "acc: ": 89.47,
    "f1: ": 0.863,
    "auc: ": 0.989
  },
  "epoch:40": {
    "acc: ": 89.47,
    "f1: ": 0.862,
    "auc: ": 0.988
  },
  "epoch:46": {
    "acc: ": 89.44,
    "f1: ": 0.864,
    "auc: ": 0.988
  },
  "epoch:25": {
    "acc: ": 89.42,
    "f1: ": 0.862,
    "auc: ": 0.989
  },
  "epoch:39": {
    "acc: ": 89.42,
    "f1: ": 0.864,
    "auc: ": 0.988
  },
  "epoch:48": {
    "acc: ": 89.28,
    "f1: ": 0.863,
    "auc: ": 0.987
  },
  "epoch:45": {
    "acc: ": 89.26,
    "f1: ": 0.866,
    "auc: ": 0.987
  },
  "epoch:49": {
    "acc: ": 89.26,
    "f1: ": 0.862,
    "auc: ": 0.987
  },
  "best10_mean": 89.438,
  "best10_f1_mean": 0.8634000000000001,
  "best10_auc_mean": 0.9884000000000001
}