{
  "epoch:40": {
    "acc: ": 91.95,
    "f1: ": 0.895,
    "auc: ": 0.991
  },
  "epoch:41": {
    "acc: ": 91.95,
    "f1: ": 0.896,
    "auc: ": 0.991
  },
  "epoch:48": {
    "acc: ": 91.68,
    "f1: ": 0.892,
    "auc: ": 0.991
  },
  "epoch:27": {
    "acc: ": 91.6,
    "f1: ": 0.885,
    "auc: ": 0.991
  },
  "epoch:44": {
    "acc: ": 91.49,
    "f1: ": 0.89,
    "auc: ": 0.991
  },
  "epoch:47": {
    "acc: ": 91.49,
    "f1: ": 0.889,
    "auc: ": 0.991
  },
  "epoch:45": {
    "acc: ": 91.41,
    "f1: ": 0.889,
    "auc: ": 0.991
  },
  "epoch:49": {
    "acc: ": 91.41,
    "f1: ": 0.887,
    "auc: ": 0.991
  },
  "epoch:35": {
    "acc: ": 91.3,
    "f1: ": 0.887,
    "auc: ": 0.992
  },
  "epoch:46": {
    "acc: ": 91.24,
    "f1: ": 0.884,
    "auc: ": 0.99
  },
  "best10_mean": 91.55199999999999,
  "best10_f1_mean": 0.8894,
  "best10_auc_mean": 0.9909999999999999
}