{
  "epoch:42": {
    "acc: ": 91.71,
    "f1: ": 0.885,
    "auc: ": 0.991
  },
  "epoch:43": {
    "acc: ": 91.58,
    "f1: ": 0.885,
    "auc: ": 0.991
  },
  "epoch:45": {
    "acc: ": 91.5,
    "f1: ": 0.885,
    "auc: ": 0.991
  },
  "epoch:47": {
    "acc: ": 91.36,
    "f1: ": 0.883,
    "auc: ": 0.992
  },
  "epoch:49": {
    "acc: ": 91.27,
    "f1: ": 0.883,
    "auc: ": 0.991
  },
  "epoch:46": {
    "acc: ": 91.16,
    "f1: ": 0.881,
    "auc: ": 0.991
  },
  "epoch:44": {
    "acc: ": 91.11,
    "f1: ": 0.878,
    "auc: ": 0.991
  },
  "epoch:48": {
    "acc: ": 91.09,
    "f1: ": 0.88,
    "auc: ": 0.991
  },
  "epoch:39": {
    "acc: ": 90.75,
    "f1: ": 0.874,
    "auc: ": 0.99
  },
  "epoch:37": {
    "acc: ": 90.3,
    "f1: ": 0.865,
    "auc: ": 0.988
  },
  "best10_mean": 91.18299999999999,
  "best10_f1_mean": 0.8798999999999999,
  "best10_auc_mean": 0.9906999999999998
}