{
  "epoch:41": {
    "acc: ": 94.09,
    "f1: ": 0.924,
    "auc: ": 0.996
  },
  "epoch:37": {
    "acc: ": 93.92,
    "f1: ": 0.925,
    "auc: ": 0.996
  },
  "epoch:46": {
    "acc: ": 93.75,
    "f1: ": 0.92,
    "auc: ": 0.996
  },
  "epoch:24": {
    "acc: ": 93.72,
    "f1: ": 0.915,
    "auc: ": 0.996
  },
  "epoch:30": {
    "acc: ": 93.6,
    "f1: ": 0.922,
    "auc: ": 0.996
  },
  "epoch:45": {
    "acc: ": 93.48,
    "f1: ": 0.917,
    "auc: ": 0.996
  },
  "epoch:40": {
    "acc: ": 93.46,
    "f1: ": 0.911,
    "auc: ": 0.996
  },
  "epoch:33": {
    "acc: ": 93.42,
    "f1: ": 0.909,
    "auc: ": 0.995
  },
  "epoch:44": {
    "acc: ": 93.24,
    "f1: ": 0.912,
    "auc: ": 0.996
  },
  "epoch:47": {
    "acc: ": 93.24,
    "f1: ": 0.911,
    "auc: ": 0.996
  },
  "best10_mean": 93.59200000000001,
  "best10_f1_mean": 0.9165999999999999,
  "best10_auc_mean": 0.9959000000000001
}