{
  "epoch:32": {
    "acc: ": 91.8,
    "f1: ": 0.881,
    "auc: ": 0.989
  },
  "epoch:33": {
    "acc: ": 91.63,
    "f1: ": 0.886,
    "auc: ": 0.989
  },
  "epoch:42": {
    "acc: ": 91.49,
    "f1: ": 0.875,
    "auc: ": 0.989
  },
  "epoch:37": {
    "acc: ": 91.13,
    "f1: ": 0.87,
    "auc: ": 0.99
  },
  "epoch:40": {
    "acc: ": 91.03,
    "f1: ": 0.868,
    "auc: ": 0.993
  },
  "epoch:41": {
    "acc: ": 90.7,
    "f1: ": 0.863,
    "auc: ": 0.991
  },
  "epoch:43": {
    "acc: ": 90.6,
    "f1: ": 0.86,
    "auc: ": 0.99
  },
  "epoch:45": {
    "acc: ": 90.45,
    "f1: ": 0.86,
    "auc: ": 0.99
  },
  "epoch:48": {
    "acc: ": 90.18,
    "f1: ": 0.856,
    "auc: ": 0.99
  },
  "epoch:46": {
    "acc: ": 90.15,
    "f1: ": 0.855,
    "auc: ": 0.99
  },
  "best10_mean": 90.91600000000003,
  "best10_f1_mean": 0.8674000000000002,
  "best10_auc_mean": 0.9901
}