{
  "epoch:48": {
    "acc: ": 92.88,
    "f1: ": 0.905,
    "auc: ": 0.993
  },
  "epoch:46": {
    "acc: ": 92.86,
    "f1: ": 0.905,
    "auc: ": 0.993
  },
  "epoch:43": {
    "acc: ": 92.85,
    "f1: ": 0.903,
    "auc: ": 0.994
  },
  "epoch:49": {
    "acc: ": 92.85,
    "f1: ": 0.906,
    "auc: ": 0.993
  },
  "epoch:35": {
    "acc: ": 92.67,
    "f1: ": 0.899,
    "auc: ": 0.993
  },
  "epoch:47": {
    "acc: ": 92.63,
    "f1: ": 0.903,
    "auc: ": 0.993
  },
  "epoch:44": {
    "acc: ": 92.58,
    "f1: ": 0.903,
    "auc: ": 0.993
  },
  "epoch:39": {
    "acc: ": 92.47,
    "f1: ": 0.897,
    "auc: ": 0.993
  },
  "epoch:45": {
    "acc: ": 92.4,
    "f1: ": 0.9,
    "auc: ": 0.992
  },
  "epoch:38": {
    "acc: ": 92.34,
    "f1: ": 0.895,
    "auc: ": 0.992
  },
  "best10_mean": 92.653,
  "best10_f1_mean": 0.9016000000000002,
  "best10_auc_mean": 0.9929000000000002
}