{
  "epoch:44": {
    "acc: ": 77.5,
    "f1: ": 0.775,
    "auc: ": 0.938
  },
  "epoch:47": {
    "acc: ": 77.43,
    "f1: ": 0.775,
    "auc: ": 0.937
  },
  "epoch:42": {
    "acc: ": 77.29,
    "f1: ": 0.773,
    "auc: ": 0.937
  },
  "epoch:48": {
    "acc: ": 77.18,
    "f1: ": 0.772,
    "auc: ": 0.937
  },
  "epoch:49": {
    "acc: ": 77.18,
    "f1: ": 0.772,
    "auc: ": 0.937
  },
  "epoch:34": {
    "acc: ": 77.11,
    "f1: ": 0.772,
    "auc: ": 0.935
  },
  "epoch:46": {
    "acc: ": 77.04,
    "f1: ": 0.771,
    "auc: ": 0.936
  },
  "epoch:45": {
    "acc: ": 77.0,
    "f1: ": 0.77,
    "auc: ": 0.937
  },
  "epoch:43": {
    "acc: ": 76.96,
    "f1: ": 0.77,
    "auc: ": 0.937
  },
  "epoch:39": {
    "acc: ": 76.86,
    "f1: ": 0.768,
    "auc: ": 0.936
  },
  "best10_mean": 77.155,
  "best10_f1_mean": 0.7717999999999999,
  "best10_auc_mean": 0.9367000000000001
}