{
  "epoch:15": {
    "acc: ": 87.27,
    "f1: ": 0.812,
    "auc: ": 0.933
  },
  "epoch:18": {
    "acc: ": 85.71,
    "f1: ": 0.791,
    "auc: ": 0.958
  },
  "epoch:19": {
    "acc: ": 84.86,
    "f1: ": 0.78,
    "auc: ": 0.944
  },
  "epoch:27": {
    "acc: ": 83.94,
    "f1: ": 0.777,
    "auc: ": 0.917
  },
  "epoch:37": {
    "acc: ": 83.67,
    "f1: ": 0.784,
    "auc: ": 0.919
  },
  "epoch:23": {
    "acc: ": 82.73,
    "f1: ": 0.763,
    "auc: ": 0.949
  },
  "epoch:35": {
    "acc: ": 82.22,
    "f1: ": 0.757,
    "auc: ": 0.941
  },
  "epoch:43": {
    "acc: ": 82.06,
    "f1: ": 0.763,
    "auc: ": 0.926
  },
  "epoch:25": {
    "acc: ": 82.05,
    "f1: ": 0.763,
    "auc: ": 0.906
  },
  "epoch:28": {
    "acc: ": 81.79,
    "f1: ": 0.75,
    "auc: ": 0.917
  },
  "best10_mean": 83.63,
  "best10_f1_mean": 0.7739999999999999,
  "best10_auc_mean": 0.9309999999999998
}