{
  "epoch:44": {
    "acc: ": 91.93,
    "f1: ": 0.894,
    "auc: ": 0.993
  },
  "epoch:40": {
    "acc: ": 91.66,
    "f1: ": 0.892,
    "auc: ": 0.992
  },
  "epoch:48": {
    "acc: ": 91.54,
    "f1: ": 0.89,
    "auc: ": 0.992
  },
  "epoch:46": {
    "acc: ": 91.43,
    "f1: ": 0.888,
    "auc: ": 0.992
  },
  "epoch:47": {
    "acc: ": 91.43,
    "f1: ": 0.889,
    "auc: ": 0.992
  },
  "epoch:38": {
    "acc: ": 91.41,
    "f1: ": 0.888,
    "auc: ": 0.993
  },
  "epoch:45": {
    "acc: ": 91.41,
    "f1: ": 0.89,
    "auc: ": 0.992
  },
  "epoch:49": {
    "acc: ": 91.38,
    "f1: ": 0.888,
    "auc: ": 0.992
  },
  "epoch:31": {
    "acc: ": 91.28,
    "f1: ": 0.881,
    "auc: ": 0.992
  },
  "epoch:42": {
    "acc: ": 91.17,
    "f1: ": 0.883,
    "auc: ": 0.992
  },
  "best10_mean": 91.46399999999998,
  "best10_f1_mean": 0.8882999999999999,
  "best10_auc_mean": 0.9922000000000001
}