{
  "epoch:34": {
    "acc: ": 93.81,
    "f1: ": 0.915,
    "auc: ": 0.993
  },
  "epoch:42": {
    "acc: ": 93.49,
    "f1: ": 0.913,
    "auc: ": 0.994
  },
  "epoch:44": {
    "acc: ": 93.3,
    "f1: ": 0.909,
    "auc: ": 0.993
  },
  "epoch:30": {
    "acc: ": 93.26,
    "f1: ": 0.904,
    "auc: ": 0.993
  },
  "epoch:40": {
    "acc: ": 93.16,
    "f1: ": 0.908,
    "auc: ": 0.995
  },
  "epoch:35": {
    "acc: ": 93.15,
    "f1: ": 0.907,
    "auc: ": 0.992
  },
  "epoch:48": {
    "acc: ": 93.15,
    "f1: ": 0.91,
    "auc: ": 0.992
  },
  "epoch:36": {
    "acc: ": 93.12,
    "f1: ": 0.907,
    "auc: ": 0.993
  },
  "epoch:38": {
    "acc: ": 93.1,
    "f1: ": 0.905,
    "auc: ": 0.994
  },
  "epoch:45": {
    "acc: ": 93.08,
    "f1: ": 0.906,
    "auc: ": 0.992
  },
  "best10_mean": 93.262,
  "best10_f1_mean": 0.9084000000000001,
  "best10_auc_mean": 0.9931000000000001
}