{
  "epoch:3": {
    "acc: ": 69.37,
    "f1: ": 0.612,
    "auc: ": 0.898
  },
  "epoch:7": {
    "acc: ": 65.29,
    "f1: ": 0.575,
    "auc: ": 0.929
  },
  "epoch:18": {
    "acc: ": 63.63,
    "f1: ": 0.542,
    "auc: ": 0.907
  },
  "epoch:2": {
    "acc: ": 61.06,
    "f1: ": 0.522,
    "auc: ": 0.875
  },
  "epoch:8": {
    "acc: ": 59.97,
    "f1: ": 0.511,
    "auc: ": 0.888
  },
  "epoch:32": {
    "acc: ": 59.83,
    "f1: ": 0.503,
    "auc: ": 0.9
  },
  "epoch:26": {
    "acc: ": 59.53,
    "f1: ": 0.494,
    "auc: ": 0.903
  },
  "epoch:23": {
    "acc: ": 59.18,
    "f1: ": 0.462,
    "auc: ": 0.88
  },
  "epoch:35": {
    "acc: ": 58.14,
    "f1: ": 0.53,
    "auc: ": 0.857
  },
  "epoch:4": {
    "acc: ": 56.47,
    "f1: ": 0.529,
    "auc: ": 0.874
  },
  "best10_mean": 61.247000000000014,
  "best10_f1_mean": 0.528,
  "best10_auc_mean": 0.8911000000000001
}