{
  "epoch:39": {
    "acc: ": 77.32,
    "f1: ": 0.773,
    "auc: ": 0.934
  },
  "epoch:44": {
    "acc: ": 76.36,
    "f1: ": 0.765,
    "auc: ": 0.933
  },
  "epoch:33": {
    "acc: ": 76.32,
    "f1: ": 0.763,
    "auc: ": 0.93
  },
  "epoch:47": {
    "acc: ": 76.18,
    "f1: ": 0.763,
    "auc: ": 0.932
  },
  "epoch:48": {
    "acc: ": 76.11,
    "f1: ": 0.763,
    "auc: ": 0.932
  },
  "epoch:42": {
    "acc: ": 76.07,
    "f1: ": 0.762,
    "auc: ": 0.934
  },
  "epoch:49": {
    "acc: ": 76.04,
    "f1: ": 0.762,
    "auc: ": 0.932
  },
  "epoch:46": {
    "acc: ": 75.89,
    "f1: ": 0.76,
    "auc: ": 0.932
  },
  "epoch:45": {
    "acc: ": 75.57,
    "f1: ": 0.757,
    "auc: ": 0.93
  },
  "epoch:43": {
    "acc: ": 75.32,
    "f1: ": 0.755,
    "auc: ": 0.93
  },
  "best10_mean": 76.11799999999998,
  "best10_f1_mean": 0.7623,
  "best10_auc_mean": 0.9319000000000001
}