{
  "epoch:48": {
    "acc: ": 91.24,
    "f1: ": 0.87,
    "auc: ": 0.986
  },
  "epoch:47": {
    "acc: ": 91.2,
    "f1: ": 0.87,
    "auc: ": 0.986
  },
  "epoch:49": {
    "acc: ": 91.11,
    "f1: ": 0.868,
    "auc: ": 0.986
  },
  "epoch:44": {
    "acc: ": 91.08,
    "f1: ": 0.867,
    "auc: ": 0.985
  },
  "epoch:45": {
    "acc: ": 91.08,
    "f1: ": 0.87,
    "auc: ": 0.987
  },
  "epoch:46": {
    "acc: ": 91.02,
    "f1: ": 0.868,
    "auc: ": 0.987
  },
  "epoch:42": {
    "acc: ": 90.94,
    "f1: ": 0.866,
    "auc: ": 0.987
  },
  "epoch:24": {
    "acc: ": 90.83,
    "f1: ": 0.864,
    "auc: ": 0.991
  },
  "epoch:16": {
    "acc: ": 90.67,
    "f1: ": 0.862,
    "auc: ": 0.99
  },
  "epoch:40": {
    "acc: ": 90.62,
    "f1: ": 0.864,
    "auc: ": 0.985
  },
  "best10_mean": 90.97900000000001,
  "best10_f1_mean": 0.8669,
  "best10_auc_mean": 0.9869999999999999
}