{
  "epoch:34": {
    "acc: ": 92.77,
    "f1: ": 0.9,
    "auc: ": 0.995
  },
  "epoch:42": {
    "acc: ": 92.67,
    "f1: ": 0.902,
    "auc: ": 0.993
  },
  "epoch:45": {
    "acc: ": 92.31,
    "f1: ": 0.897,
    "auc: ": 0.993
  },
  "epoch:37": {
    "acc: ": 92.26,
    "f1: ": 0.894,
    "auc: ": 0.991
  },
  "epoch:43": {
    "acc: ": 92.22,
    "f1: ": 0.896,
    "auc: ": 0.992
  },
  "epoch:40": {
    "acc: ": 92.15,
    "f1: ": 0.893,
    "auc: ": 0.991
  },
  "epoch:32": {
    "acc: ": 92.12,
    "f1: ": 0.892,
    "auc: ": 0.992
  },
  "epoch:44": {
    "acc: ": 92.12,
    "f1: ": 0.894,
    "auc: ": 0.992
  },
  "epoch:46": {
    "acc: ": 92.12,
    "f1: ": 0.895,
    "auc: ": 0.992
  },
  "epoch:47": {
    "acc: ": 92.01,
    "f1: ": 0.893,
    "auc: ": 0.992
  },
  "best10_mean": 92.275,
  "best10_f1_mean": 0.8956000000000002,
  "best10_auc_mean": 0.9923000000000002
}