{
  "epoch:43": {
    "acc: ": 89.44,
    "f1: ": 0.874,
    "auc: ": 0.99
  },
  "epoch:45": {
    "acc: ": 88.68,
    "f1: ": 0.86,
    "auc: ": 0.99
  },
  "epoch:47": {
    "acc: ": 88.65,
    "f1: ": 0.86,
    "auc: ": 0.99
  },
  "epoch:42": {
    "acc: ": 88.55,
    "f1: ": 0.864,
    "auc: ": 0.989
  },
  "epoch:44": {
    "acc: ": 88.22,
    "f1: ": 0.853,
    "auc: ": 0.99
  },
  "epoch:46": {
    "acc: ": 88.14,
    "f1: ": 0.855,
    "auc: ": 0.989
  },
  "epoch:37": {
    "acc: ": 88.03,
    "f1: ": 0.855,
    "auc: ": 0.989
  },
  "epoch:48": {
    "acc: ": 88.03,
    "f1: ": 0.853,
    "auc: ": 0.989
  },
  "epoch:49": {
    "acc: ": 88.0,
    "f1: ": 0.853,
    "auc: ": 0.989
  },
  "epoch:40": {
    "acc: ": 87.95,
    "f1: ": 0.857,
    "auc: ": 0.989
  },
  "best10_mean": 88.369,
  "best10_f1_mean": 0.8583999999999999,
  "best10_auc_mean": 0.9894000000000001
}