{
  "epoch:47": {
    "acc: ": 80.57,
    "f1: ": 0.806,
    "auc: ": 0.956
  },
  "epoch:45": {
    "acc: ": 80.32,
    "f1: ": 0.803,
    "auc: ": 0.957
  },
  "epoch:49": {
    "acc: ": 80.18,
    "f1: ": 0.802,
    "auc: ": 0.955
  },
  "epoch:48": {
    "acc: ": 80.11,
    "f1: ": 0.801,
    "auc: ": 0.955
  },
  "epoch:44": {
    "acc: ": 79.54,
    "f1: ": 0.795,
    "auc: ": 0.954
  },
  "epoch:46": {
    "acc: ": 79.54,
    "f1: ": 0.795,
    "auc: ": 0.954
  },
  "epoch:43": {
    "acc: ": 78.54,
    "f1: ": 0.784,
    "auc: ": 0.95
  },
  "epoch:38": {
    "acc: ": 78.21,
    "f1: ": 0.783,
    "auc: ": 0.949
  },
  "epoch:41": {
    "acc: ": 77.68,
    "f1: ": 0.777,
    "auc: ": 0.946
  },
  "epoch:42": {
    "acc: ": 77.25,
    "f1: ": 0.772,
    "auc: ": 0.951
  },
  "best10_mean": 79.194,
  "best10_f1_mean": 0.7918000000000001,
  "best10_auc_mean": 0.9527000000000001
}