{
  "epoch:46": {
    "acc: ": 91.33,
    "f1: ": 0.884,
    "auc: ": 0.993
  },
  "epoch:47": {
    "acc: ": 91.3,
    "f1: ": 0.883,
    "auc: ": 0.993
  },
  "epoch:49": {
    "acc: ": 91.16,
    "f1: ": 0.882,
    "auc: ": 0.994
  },
  "epoch:32": {
    "acc: ": 91.09,
    "f1: ": 0.878,
    "auc: ": 0.992
  },
  "epoch:45": {
    "acc: ": 91.03,
    "f1: ": 0.879,
    "auc: ": 0.994
  },
  "epoch:48": {
    "acc: ": 91.02,
    "f1: ": 0.88,
    "auc: ": 0.994
  },
  "epoch:36": {
    "acc: ": 91.0,
    "f1: ": 0.883,
    "auc: ": 0.994
  },
  "epoch:15": {
    "acc: ": 90.86,
    "f1: ": 0.885,
    "auc: ": 0.992
  },
  "epoch:27": {
    "acc: ": 90.76,
    "f1: ": 0.883,
    "auc: ": 0.993
  },
  "epoch:44": {
    "acc: ": 90.59,
    "f1: ": 0.876,
    "auc: ": 0.993
  },
  "best10_mean": 91.014,
  "best10_f1_mean": 0.8813000000000001,
  "best10_auc_mean": 0.9932000000000001
}