{
  "epoch:34": {
    "acc: ": 94.96,
    "f1: ": 0.928,
    "auc: ": 0.997
  },
  "epoch:43": {
    "acc: ": 94.77,
    "f1: ": 0.928,
    "auc: ": 0.997
  },
  "epoch:42": {
    "acc: ": 94.62,
    "f1: ": 0.926,
    "auc: ": 0.996
  },
  "epoch:46": {
    "acc: ": 94.62,
    "f1: ": 0.927,
    "auc: ": 0.996
  },
  "epoch:47": {
    "acc: ": 94.57,
    "f1: ": 0.927,
    "auc: ": 0.996
  },
  "epoch:45": {
    "acc: ": 94.28,
    "f1: ": 0.922,
    "auc: ": 0.996
  },
  "epoch:49": {
    "acc: ": 94.28,
    "f1: ": 0.923,
    "auc: ": 0.996
  },
  "epoch:48": {
    "acc: ": 94.2,
    "f1: ": 0.921,
    "auc: ": 0.996
  },
  "epoch:44": {
    "acc: ": 94.16,
    "f1: ": 0.919,
    "auc: ": 0.995
  },
  "epoch:40": {
    "acc: ": 94.02,
    "f1: ": 0.918,
    "auc: ": 0.996
  },
  "best10_mean": 94.44800000000001,
  "best10_f1_mean": 0.9238999999999999,
  "best10_auc_mean": 0.9961
}