{
  "epoch:23": {
    "acc: ": 91.05,
    "f1: ": 0.883,
    "auc: ": 0.985
  },
  "epoch:33": {
    "acc: ": 90.53,
    "f1: ": 0.886,
    "auc: ": 0.982
  },
  "epoch:34": {
    "acc: ": 90.15,
    "f1: ": 0.869,
    "auc: ": 0.992
  },
  "epoch:32": {
    "acc: ": 89.8,
    "f1: ": 0.877,
    "auc: ": 0.987
  },
  "epoch:27": {
    "acc: ": 89.59,
    "f1: ": 0.859,
    "auc: ": 0.992
  },
  "epoch:35": {
    "acc: ": 89.26,
    "f1: ": 0.866,
    "auc: ": 0.988
  },
  "epoch:41": {
    "acc: ": 88.77,
    "f1: ": 0.858,
    "auc: ": 0.98
  },
  "epoch:36": {
    "acc: ": 88.73,
    "f1: ": 0.861,
    "auc: ": 0.982
  },
  "epoch:38": {
    "acc: ": 88.58,
    "f1: ": 0.851,
    "auc: ": 0.983
  },
  "epoch:26": {
    "acc: ": 88.24,
    "f1: ": 0.856,
    "auc: ": 0.989
  },
  "best10_mean": 89.47,
  "best10_f1_mean": 0.8665999999999998,
  "best10_auc_mean": 0.9860000000000001
}