{
  "epoch:3": {
    "acc: ": 75.81,
    "f1: ": 0.677,
    "auc: ": 0.966
  },
  "epoch:5": {
    "acc: ": 74.8,
    "f1: ": 0.68,
    "auc: ": 0.966
  },
  "epoch:7": {
    "acc: ": 72.59,
    "f1: ": 0.627,
    "auc: ": 0.964
  },
  "epoch:39": {
    "acc: ": 70.24,
    "f1: ": 0.658,
    "auc: ": 0.947
  },
  "epoch:10": {
    "acc: ": 70.09,
    "f1: ": 0.646,
    "auc: ": 0.95
  },
  "epoch:29": {
    "acc: ": 69.15,
    "f1: ": 0.644,
    "auc: ": 0.936
  },
  "epoch:46": {
    "acc: ": 69.04,
    "f1: ": 0.657,
    "auc: ": 0.94
  },
  "epoch:6": {
    "acc: ": 69.0,
    "f1: ": 0.606,
    "auc: ": 0.944
  },
  "epoch:35": {
    "acc: ": 68.86,
    "f1: ": 0.637,
    "auc: ": 0.937
  },
  "epoch:47": {
    "acc: ": 68.5,
    "f1: ": 0.65,
    "auc: ": 0.94
  },
  "best10_mean": 70.808,
  "best10_f1_mean": 0.6482000000000001,
  "best10_auc_mean": 0.9490000000000001
}