{
  "epoch:44": {
    "acc: ": 91.11,
    "f1: ": 0.873,
    "auc: ": 0.992
  },
  "epoch:49": {
    "acc: ": 90.86,
    "f1: ": 0.869,
    "auc: ": 0.991
  },
  "epoch:48": {
    "acc: ": 90.79,
    "f1: ": 0.868,
    "auc: ": 0.991
  },
  "epoch:47": {
    "acc: ": 90.7,
    "f1: ": 0.867,
    "auc: ": 0.991
  },
  "epoch:45": {
    "acc: ": 90.65,
    "f1: ": 0.868,
    "auc: ": 0.992
  },
  "epoch:43": {
    "acc: ": 90.64,
    "f1: ": 0.864,
    "auc: ": 0.991
  },
  "epoch:34": {
    "acc: ": 90.59,
    "f1: ": 0.865,
    "auc: ": 0.991
  },
  "epoch:41": {
    "acc: ": 90.48,
    "f1: ": 0.869,
    "auc: ": 0.992
  },
  "epoch:46": {
    "acc: ": 90.48,
    "f1: ": 0.863,
    "auc: ": 0.991
  },
  "epoch:38": {
    "acc: ": 90.46,
    "f1: ": 0.857,
    "auc: ": 0.99
  },
  "best10_mean": 90.67600000000002,
  "best10_f1_mean": 0.8662999999999998,
  "best10_auc_mean": 0.9912000000000001
}