{
  "epoch:45": {
    "acc: ": 86.97,
    "f1: ": 0.836,
    "auc: ": 0.986
  },
  "epoch:46": {
    "acc: ": 86.93,
    "f1: ": 0.836,
    "auc: ": 0.985
  },
  "epoch:47": {
    "acc: ": 86.93,
    "f1: ": 0.837,
    "auc: ": 0.985
  },
  "epoch:49": {
    "acc: ": 86.82,
    "f1: ": 0.836,
    "auc: ": 0.985
  },
  "epoch:48": {
    "acc: ": 86.75,
    "f1: ": 0.835,
    "auc: ": 0.985
  },
  "epoch:42": {
    "acc: ": 86.74,
    "f1: ": 0.836,
    "auc: ": 0.985
  },
  "epoch:43": {
    "acc: ": 86.42,
    "f1: ": 0.83,
    "auc: ": 0.984
  },
  "epoch:44": {
    "acc: ": 86.42,
    "f1: ": 0.831,
    "auc: ": 0.984
  },
  "epoch:40": {
    "acc: ": 86.26,
    "f1: ": 0.828,
    "auc: ": 0.985
  },
  "epoch:38": {
    "acc: ": 86.18,
    "f1: ": 0.823,
    "auc: ": 0.984
  },
  "best10_mean": 86.64199999999998,
  "best10_f1_mean": 0.8328,
  "best10_auc_mean": 0.9848000000000001
}