{
  "epoch:25": {
    "acc: ": 91.63,
    "f1: ": 0.881,
    "auc: ": 0.989
  },
  "epoch:38": {
    "acc: ": 91.54,
    "f1: ": 0.891,
    "auc: ": 0.992
  },
  "epoch:32": {
    "acc: ": 90.79,
    "f1: ": 0.874,
    "auc: ": 0.99
  },
  "epoch:40": {
    "acc: ": 90.18,
    "f1: ": 0.867,
    "auc: ": 0.99
  },
  "epoch:34": {
    "acc: ": 90.02,
    "f1: ": 0.857,
    "auc: ": 0.988
  },
  "epoch:49": {
    "acc: ": 89.67,
    "f1: ": 0.857,
    "auc: ": 0.989
  },
  "epoch:48": {
    "acc: ": 89.64,
    "f1: ": 0.858,
    "auc: ": 0.989
  },
  "epoch:46": {
    "acc: ": 89.34,
    "f1: ": 0.852,
    "auc: ": 0.989
  },
  "epoch:47": {
    "acc: ": 89.22,
    "f1: ": 0.851,
    "auc: ": 0.988
  },
  "epoch:45": {
    "acc: ": 89.18,
    "f1: ": 0.853,
    "auc: ": 0.989
  },
  "best10_mean": 90.12100000000001,
  "best10_f1_mean": 0.8641,
  "best10_auc_mean": 0.9893000000000001
}