{
  "epoch:22": {
    "acc: ": 75.0,
    "f1: ": 0.698,
    "auc: ": 0.936
  },
  "epoch:24": {
    "acc: ": 72.04,
    "f1: ": 0.664,
    "auc: ": 0.932
  },
  "epoch:15": {
    "acc: ": 71.47,
    "f1: ": 0.67,
    "auc: ": 0.931
  },
  "epoch:17": {
    "acc: ": 70.14,
    "f1: ": 0.667,
    "auc: ": 0.937
  },
  "epoch:35": {
    "acc: ": 69.7,
    "f1: ": 0.64,
    "auc: ": 0.932
  },
  "epoch:27": {
    "acc: ": 69.4,
    "f1: ": 0.643,
    "auc: ": 0.931
  },
  "epoch:20": {
    "acc: ": 68.94,
    "f1: ": 0.634,
    "auc: ": 0.919
  },
  "epoch:21": {
    "acc: ": 68.67,
    "f1: ": 0.644,
    "auc: ": 0.92
  },
  "epoch:29": {
    "acc: ": 68.39,
    "f1: ": 0.635,
    "auc: ": 0.92
  },
  "epoch:26": {
    "acc: ": 68.23,
    "f1: ": 0.609,
    "auc: ": 0.928
  },
  "best10_mean": 70.19800000000001,
  "best10_f1_mean": 0.6504000000000001,
  "best10_auc_mean": 0.9286000000000001
}