{
  "epoch:41": {
    "acc: ": 89.75,
    "f1: ": 0.851,
    "auc: ": 0.99
  },
  "epoch:33": {
    "acc: ": 89.37,
    "f1: ": 0.851,
    "auc: ": 0.989
  },
  "epoch:35": {
    "acc: ": 89.37,
    "f1: ": 0.848,
    "auc: ": 0.99
  },
  "epoch:36": {
    "acc: ": 89.28,
    "f1: ": 0.847,
    "auc: ": 0.989
  },
  "epoch:29": {
    "acc: ": 89.23,
    "f1: ": 0.838,
    "auc: ": 0.987
  },
  "epoch:38": {
    "acc: ": 89.2,
    "f1: ": 0.849,
    "auc: ": 0.99
  },
  "epoch:30": {
    "acc: ": 89.17,
    "f1: ": 0.848,
    "auc: ": 0.989
  },
  "epoch:18": {
    "acc: ": 89.1,
    "f1: ": 0.845,
    "auc: ": 0.989
  },
  "epoch:15": {
    "acc: ": 88.96,
    "f1: ": 0.844,
    "auc: ": 0.99
  },
  "epoch:46": {
    "acc: ": 88.92,
    "f1: ": 0.843,
    "auc: ": 0.989
  },
  "best10_mean": 89.235,
  "best10_f1_mean": 0.8463999999999998,
  "best10_auc_mean": 0.9892000000000001
}